--
-- PostgreSQL database dump
--

-- Dumped from database version 14.7
-- Dumped by pg_dump version 16.3

-- Started on 2024-08-07 14:57:10

SET statement_timeout = 0;
SET lock_timeout = 0;
SET idle_in_transaction_session_timeout = 0;
SET client_encoding = 'UTF8';
SET standard_conforming_strings = on;
SELECT pg_catalog.set_config('search_path', '', false);
SET check_function_bodies = false;
SET xmloption = content;
SET client_min_messages = warning;
SET row_security = off;

--
-- TOC entry 5 (class 2615 OID 2200)
-- Name: public; Type: SCHEMA; Schema: -; Owner: postgres
--

-- *not* creating schema, since initdb creates it


ALTER SCHEMA public OWNER TO hydro;

SET default_tablespace = '';

SET default_table_access_method = heap;

--
-- TOC entry 209 (class 1259 OID 60218)
-- Name: auth_group; Type: TABLE; Schema: public; Owner: hydro
--

CREATE TABLE public.auth_group (
    id integer NOT NULL,
    name character varying(150) NOT NULL
);


ALTER TABLE public.auth_group OWNER TO hydro;

--
-- TOC entry 210 (class 1259 OID 60221)
-- Name: auth_group_id_seq; Type: SEQUENCE; Schema: public; Owner: hydro
--

ALTER TABLE public.auth_group ALTER COLUMN id ADD GENERATED BY DEFAULT AS IDENTITY (
    SEQUENCE NAME public.auth_group_id_seq
    START WITH 1
    INCREMENT BY 1
    NO MINVALUE
    NO MAXVALUE
    CACHE 1
);


--
-- TOC entry 211 (class 1259 OID 60222)
-- Name: auth_group_permissions; Type: TABLE; Schema: public; Owner: hydro
--

CREATE TABLE public.auth_group_permissions (
    id bigint NOT NULL,
    group_id integer NOT NULL,
    permission_id integer NOT NULL
);


ALTER TABLE public.auth_group_permissions OWNER TO hydro;

--
-- TOC entry 212 (class 1259 OID 60225)
-- Name: auth_group_permissions_id_seq; Type: SEQUENCE; Schema: public; Owner: hydro
--

ALTER TABLE public.auth_group_permissions ALTER COLUMN id ADD GENERATED BY DEFAULT AS IDENTITY (
    SEQUENCE NAME public.auth_group_permissions_id_seq
    START WITH 1
    INCREMENT BY 1
    NO MINVALUE
    NO MAXVALUE
    CACHE 1
);


--
-- TOC entry 213 (class 1259 OID 60226)
-- Name: auth_permission; Type: TABLE; Schema: public; Owner: hydro
--

CREATE TABLE public.auth_permission (
    id integer NOT NULL,
    name character varying(255) NOT NULL,
    content_type_id integer NOT NULL,
    codename character varying(100) NOT NULL
);


ALTER TABLE public.auth_permission OWNER TO hydro;

--
-- TOC entry 214 (class 1259 OID 60229)
-- Name: auth_permission_id_seq; Type: SEQUENCE; Schema: public; Owner: hydro
--

ALTER TABLE public.auth_permission ALTER COLUMN id ADD GENERATED BY DEFAULT AS IDENTITY (
    SEQUENCE NAME public.auth_permission_id_seq
    START WITH 1
    INCREMENT BY 1
    NO MINVALUE
    NO MAXVALUE
    CACHE 1
);


--
-- TOC entry 215 (class 1259 OID 60230)
-- Name: auth_user; Type: TABLE; Schema: public; Owner: hydro
--

CREATE TABLE public.auth_user (
    id integer NOT NULL,
    password character varying(128) NOT NULL,
    last_login timestamp with time zone,
    is_superuser boolean NOT NULL,
    username character varying(150) NOT NULL,
    first_name character varying(150) NOT NULL,
    last_name character varying(150) NOT NULL,
    email character varying(254) NOT NULL,
    is_staff boolean NOT NULL,
    is_active boolean NOT NULL,
    date_joined timestamp with time zone NOT NULL
);


ALTER TABLE public.auth_user OWNER TO hydro;

--
-- TOC entry 216 (class 1259 OID 60235)
-- Name: auth_user_groups; Type: TABLE; Schema: public; Owner: hydro
--

CREATE TABLE public.auth_user_groups (
    id bigint NOT NULL,
    user_id integer NOT NULL,
    group_id integer NOT NULL
);


ALTER TABLE public.auth_user_groups OWNER TO hydro;

--
-- TOC entry 217 (class 1259 OID 60238)
-- Name: auth_user_groups_id_seq; Type: SEQUENCE; Schema: public; Owner: hydro
--

ALTER TABLE public.auth_user_groups ALTER COLUMN id ADD GENERATED BY DEFAULT AS IDENTITY (
    SEQUENCE NAME public.auth_user_groups_id_seq
    START WITH 1
    INCREMENT BY 1
    NO MINVALUE
    NO MAXVALUE
    CACHE 1
);


--
-- TOC entry 218 (class 1259 OID 60239)
-- Name: auth_user_id_seq; Type: SEQUENCE; Schema: public; Owner: hydro
--

ALTER TABLE public.auth_user ALTER COLUMN id ADD GENERATED BY DEFAULT AS IDENTITY (
    SEQUENCE NAME public.auth_user_id_seq
    START WITH 1
    INCREMENT BY 1
    NO MINVALUE
    NO MAXVALUE
    CACHE 1
);


--
-- TOC entry 219 (class 1259 OID 60240)
-- Name: auth_user_user_permissions; Type: TABLE; Schema: public; Owner: hydro
--

CREATE TABLE public.auth_user_user_permissions (
    id bigint NOT NULL,
    user_id integer NOT NULL,
    permission_id integer NOT NULL
);


ALTER TABLE public.auth_user_user_permissions OWNER TO hydro;

--
-- TOC entry 220 (class 1259 OID 60243)
-- Name: auth_user_user_permissions_id_seq; Type: SEQUENCE; Schema: public; Owner: hydro
--

ALTER TABLE public.auth_user_user_permissions ALTER COLUMN id ADD GENERATED BY DEFAULT AS IDENTITY (
    SEQUENCE NAME public.auth_user_user_permissions_id_seq
    START WITH 1
    INCREMENT BY 1
    NO MINVALUE
    NO MAXVALUE
    CACHE 1
);


--
-- TOC entry 221 (class 1259 OID 60244)
-- Name: common_district; Type: TABLE; Schema: public; Owner: hydro
--

CREATE TABLE public.common_district (
    id bigint NOT NULL,
    name character varying(200) NOT NULL,
    region_id bigint NOT NULL
);


ALTER TABLE public.common_district OWNER TO hydro;

--
-- TOC entry 222 (class 1259 OID 60247)
-- Name: common_district_id_seq; Type: SEQUENCE; Schema: public; Owner: hydro
--

ALTER TABLE public.common_district ALTER COLUMN id ADD GENERATED BY DEFAULT AS IDENTITY (
    SEQUENCE NAME public.common_district_id_seq
    START WITH 1
    INCREMENT BY 1
    NO MINVALUE
    NO MAXVALUE
    CACHE 1
);


--
-- TOC entry 223 (class 1259 OID 60248)
-- Name: common_location; Type: TABLE; Schema: public; Owner: hydro
--

CREATE TABLE public.common_location (
    id bigint NOT NULL,
    name character varying(200) NOT NULL
);


ALTER TABLE public.common_location OWNER TO hydro;

--
-- TOC entry 224 (class 1259 OID 60251)
-- Name: common_location_id_seq; Type: SEQUENCE; Schema: public; Owner: hydro
--

ALTER TABLE public.common_location ALTER COLUMN id ADD GENERATED BY DEFAULT AS IDENTITY (
    SEQUENCE NAME public.common_location_id_seq
    START WITH 1
    INCREMENT BY 1
    NO MINVALUE
    NO MAXVALUE
    CACHE 1
);


--
-- TOC entry 225 (class 1259 OID 60252)
-- Name: common_region; Type: TABLE; Schema: public; Owner: hydro
--

CREATE TABLE public.common_region (
    id bigint NOT NULL,
    name character varying(200) NOT NULL
);


ALTER TABLE public.common_region OWNER TO hydro;

--
-- TOC entry 226 (class 1259 OID 60255)
-- Name: common_region_id_seq; Type: SEQUENCE; Schema: public; Owner: hydro
--

ALTER TABLE public.common_region ALTER COLUMN id ADD GENERATED BY DEFAULT AS IDENTITY (
    SEQUENCE NAME public.common_region_id_seq
    START WITH 1
    INCREMENT BY 1
    NO MINVALUE
    NO MAXVALUE
    CACHE 1
);


--
-- TOC entry 227 (class 1259 OID 60256)
-- Name: django_admin_log; Type: TABLE; Schema: public; Owner: hydro
--

CREATE TABLE public.django_admin_log (
    id integer NOT NULL,
    action_time timestamp with time zone NOT NULL,
    object_id text,
    object_repr character varying(200) NOT NULL,
    action_flag smallint NOT NULL,
    change_message text NOT NULL,
    content_type_id integer,
    user_id integer NOT NULL,
    CONSTRAINT django_admin_log_action_flag_check CHECK ((action_flag >= 0))
);


ALTER TABLE public.django_admin_log OWNER TO hydro;

--
-- TOC entry 228 (class 1259 OID 60262)
-- Name: django_admin_log_id_seq; Type: SEQUENCE; Schema: public; Owner: hydro
--

ALTER TABLE public.django_admin_log ALTER COLUMN id ADD GENERATED BY DEFAULT AS IDENTITY (
    SEQUENCE NAME public.django_admin_log_id_seq
    START WITH 1
    INCREMENT BY 1
    NO MINVALUE
    NO MAXVALUE
    CACHE 1
);


--
-- TOC entry 229 (class 1259 OID 60263)
-- Name: django_content_type; Type: TABLE; Schema: public; Owner: hydro
--

CREATE TABLE public.django_content_type (
    id integer NOT NULL,
    app_label character varying(100) NOT NULL,
    model character varying(100) NOT NULL
);


ALTER TABLE public.django_content_type OWNER TO hydro;

--
-- TOC entry 230 (class 1259 OID 60266)
-- Name: django_content_type_id_seq; Type: SEQUENCE; Schema: public; Owner: hydro
--

ALTER TABLE public.django_content_type ALTER COLUMN id ADD GENERATED BY DEFAULT AS IDENTITY (
    SEQUENCE NAME public.django_content_type_id_seq
    START WITH 1
    INCREMENT BY 1
    NO MINVALUE
    NO MAXVALUE
    CACHE 1
);


--
-- TOC entry 231 (class 1259 OID 60267)
-- Name: django_migrations; Type: TABLE; Schema: public; Owner: hydro
--

CREATE TABLE public.django_migrations (
    id bigint NOT NULL,
    app character varying(255) NOT NULL,
    name character varying(255) NOT NULL,
    applied timestamp with time zone NOT NULL
);


ALTER TABLE public.django_migrations OWNER TO hydro;

--
-- TOC entry 232 (class 1259 OID 60272)
-- Name: django_migrations_id_seq; Type: SEQUENCE; Schema: public; Owner: hydro
--

ALTER TABLE public.django_migrations ALTER COLUMN id ADD GENERATED BY DEFAULT AS IDENTITY (
    SEQUENCE NAME public.django_migrations_id_seq
    START WITH 1
    INCREMENT BY 1
    NO MINVALUE
    NO MAXVALUE
    CACHE 1
);


--
-- TOC entry 233 (class 1259 OID 60273)
-- Name: django_session; Type: TABLE; Schema: public; Owner: hydro
--

CREATE TABLE public.django_session (
    session_key character varying(40) NOT NULL,
    session_data text NOT NULL,
    expire_date timestamp with time zone NOT NULL
);


ALTER TABLE public.django_session OWNER TO hydro;

--
-- TOC entry 234 (class 1259 OID 60278)
-- Name: hydrogeological_coordinate; Type: TABLE; Schema: public; Owner: hydro
--

CREATE TABLE public.hydrogeological_coordinate (
    id bigint NOT NULL,
    lat_degree integer,
    lat_minute integer,
    lat_second double precision,
    lon_degree integer,
    lon_minute integer,
    lon_second double precision,
    x integer,
    y integer,
    well_id bigint NOT NULL
);


ALTER TABLE public.hydrogeological_coordinate OWNER TO hydro;

--
-- TOC entry 235 (class 1259 OID 60281)
-- Name: hydrogeological_coordinate_id_seq; Type: SEQUENCE; Schema: public; Owner: hydro
--

ALTER TABLE public.hydrogeological_coordinate ALTER COLUMN id ADD GENERATED BY DEFAULT AS IDENTITY (
    SEQUENCE NAME public.hydrogeological_coordinate_id_seq
    START WITH 1
    INCREMENT BY 1
    NO MINVALUE
    NO MAXVALUE
    CACHE 1
);


--
-- TOC entry 236 (class 1259 OID 60282)
-- Name: hydrogeological_organization; Type: TABLE; Schema: public; Owner: hydro
--

CREATE TABLE public.hydrogeological_organization (
    id bigint NOT NULL,
    name character varying(100) NOT NULL,
    created_at timestamp with time zone NOT NULL,
    updated_at timestamp with time zone NOT NULL
);


ALTER TABLE public.hydrogeological_organization OWNER TO hydro;

--
-- TOC entry 237 (class 1259 OID 60285)
-- Name: hydrogeological_organization_id_seq; Type: SEQUENCE; Schema: public; Owner: hydro
--

ALTER TABLE public.hydrogeological_organization ALTER COLUMN id ADD GENERATED BY DEFAULT AS IDENTITY (
    SEQUENCE NAME public.hydrogeological_organization_id_seq
    START WITH 1
    INCREMENT BY 1
    NO MINVALUE
    NO MAXVALUE
    CACHE 1
);


--
-- TOC entry 238 (class 1259 OID 60286)
-- Name: hydrogeological_station; Type: TABLE; Schema: public; Owner: hydro
--

CREATE TABLE public.hydrogeological_station (
    id bigint NOT NULL,
    name character varying(100) NOT NULL,
    created_at timestamp with time zone NOT NULL,
    updated_at timestamp with time zone NOT NULL
);


ALTER TABLE public.hydrogeological_station OWNER TO hydro;

--
-- TOC entry 239 (class 1259 OID 60289)
-- Name: hydrogeological_station_id_seq; Type: SEQUENCE; Schema: public; Owner: hydro
--

ALTER TABLE public.hydrogeological_station ALTER COLUMN id ADD GENERATED BY DEFAULT AS IDENTITY (
    SEQUENCE NAME public.hydrogeological_station_id_seq
    START WITH 1
    INCREMENT BY 1
    NO MINVALUE
    NO MAXVALUE
    CACHE 1
);


--
-- TOC entry 240 (class 1259 OID 60290)
-- Name: hydrogeological_waterlevel; Type: TABLE; Schema: public; Owner: hydro
--

CREATE TABLE public.hydrogeological_waterlevel (
    id bigint NOT NULL,
    year integer NOT NULL,
    "I" double precision,
    "II" double precision,
    "III" double precision,
    "IV" double precision,
    "V" double precision,
    "VI" double precision,
    "VII" double precision,
    "VIII" double precision,
    "IX" double precision,
    "X" double precision,
    "XI" double precision,
    "XII" double precision,
    well_id bigint NOT NULL
);


ALTER TABLE public.hydrogeological_waterlevel OWNER TO hydro;

--
-- TOC entry 241 (class 1259 OID 60293)
-- Name: hydrogeological_waterlevel_id_seq; Type: SEQUENCE; Schema: public; Owner: hydro
--

ALTER TABLE public.hydrogeological_waterlevel ALTER COLUMN id ADD GENERATED BY DEFAULT AS IDENTITY (
    SEQUENCE NAME public.hydrogeological_waterlevel_id_seq
    START WITH 1
    INCREMENT BY 1
    NO MINVALUE
    NO MAXVALUE
    CACHE 1
);


--
-- TOC entry 242 (class 1259 OID 60294)
-- Name: hydrogeological_well; Type: TABLE; Schema: public; Owner: hydro
--

CREATE TABLE public.hydrogeological_well (
    id bigint NOT NULL,
    well_number integer NOT NULL,
    created_at timestamp with time zone NOT NULL,
    updated_at timestamp with time zone NOT NULL,
    station_id bigint,
    type_id bigint,
    address character varying(200),
    district_id bigint,
    location_id bigint,
    region_id bigint,
    organization_id bigint
);


ALTER TABLE public.hydrogeological_well OWNER TO hydro;

--
-- TOC entry 243 (class 1259 OID 60297)
-- Name: hydrogeological_well_id_seq; Type: SEQUENCE; Schema: public; Owner: hydro
--

ALTER TABLE public.hydrogeological_well ALTER COLUMN id ADD GENERATED BY DEFAULT AS IDENTITY (
    SEQUENCE NAME public.hydrogeological_well_id_seq
    START WITH 1
    INCREMENT BY 1
    NO MINVALUE
    NO MAXVALUE
    CACHE 1
);


--
-- TOC entry 244 (class 1259 OID 60298)
-- Name: hydrogeological_welltype; Type: TABLE; Schema: public; Owner: hydro
--

CREATE TABLE public.hydrogeological_welltype (
    id bigint NOT NULL,
    name character varying(100) NOT NULL,
    created_at timestamp with time zone NOT NULL,
    updated_at timestamp with time zone NOT NULL
);


ALTER TABLE public.hydrogeological_welltype OWNER TO hydro;

--
-- TOC entry 245 (class 1259 OID 60301)
-- Name: hydrogeological_welltype_id_seq; Type: SEQUENCE; Schema: public; Owner: hydro
--

ALTER TABLE public.hydrogeological_welltype ALTER COLUMN id ADD GENERATED BY DEFAULT AS IDENTITY (
    SEQUENCE NAME public.hydrogeological_welltype_id_seq
    START WITH 1
    INCREMENT BY 1
    NO MINVALUE
    NO MAXVALUE
    CACHE 1
);


--
-- TOC entry 246 (class 1259 OID 60302)
-- Name: hydromelioratical_coordinate; Type: TABLE; Schema: public; Owner: hydro
--

CREATE TABLE public.hydromelioratical_coordinate (
    id bigint NOT NULL,
    lat_degree integer,
    lat_minute integer,
    lat_second double precision,
    lon_degree integer,
    lon_minute integer,
    lon_second double precision,
    x integer,
    y integer,
    well_id bigint NOT NULL
);


ALTER TABLE public.hydromelioratical_coordinate OWNER TO hydro;

--
-- TOC entry 247 (class 1259 OID 60305)
-- Name: hydromelioratical_coordinate_id_seq; Type: SEQUENCE; Schema: public; Owner: hydro
--

ALTER TABLE public.hydromelioratical_coordinate ALTER COLUMN id ADD GENERATED BY DEFAULT AS IDENTITY (
    SEQUENCE NAME public.hydromelioratical_coordinate_id_seq
    START WITH 1
    INCREMENT BY 1
    NO MINVALUE
    NO MAXVALUE
    CACHE 1
);


--
-- TOC entry 248 (class 1259 OID 60306)
-- Name: hydromelioratical_expedicion; Type: TABLE; Schema: public; Owner: hydro
--

CREATE TABLE public.hydromelioratical_expedicion (
    id bigint NOT NULL,
    name character varying(100) NOT NULL,
    created_at timestamp with time zone NOT NULL,
    updated_at timestamp with time zone NOT NULL,
    region_id bigint
);


ALTER TABLE public.hydromelioratical_expedicion OWNER TO hydro;

--
-- TOC entry 249 (class 1259 OID 60309)
-- Name: hydromelioratical_expedicion_id_seq; Type: SEQUENCE; Schema: public; Owner: hydro
--

ALTER TABLE public.hydromelioratical_expedicion ALTER COLUMN id ADD GENERATED BY DEFAULT AS IDENTITY (
    SEQUENCE NAME public.hydromelioratical_expedicion_id_seq
    START WITH 1
    INCREMENT BY 1
    NO MINVALUE
    NO MAXVALUE
    CACHE 1
);


--
-- TOC entry 250 (class 1259 OID 60310)
-- Name: hydromelioratical_welltype; Type: TABLE; Schema: public; Owner: hydro
--

CREATE TABLE public.hydromelioratical_welltype (
    id bigint NOT NULL,
    name character varying(100) NOT NULL,
    created_at timestamp with time zone NOT NULL,
    updated_at timestamp with time zone NOT NULL
);


ALTER TABLE public.hydromelioratical_welltype OWNER TO hydro;

--
-- TOC entry 251 (class 1259 OID 60313)
-- Name: hydromelioratical_objecttype_id_seq; Type: SEQUENCE; Schema: public; Owner: hydro
--

ALTER TABLE public.hydromelioratical_welltype ALTER COLUMN id ADD GENERATED BY DEFAULT AS IDENTITY (
    SEQUENCE NAME public.hydromelioratical_objecttype_id_seq
    START WITH 1
    INCREMENT BY 1
    NO MINVALUE
    NO MAXVALUE
    CACHE 1
);


--
-- TOC entry 252 (class 1259 OID 60314)
-- Name: hydromelioratical_organization; Type: TABLE; Schema: public; Owner: hydro
--

CREATE TABLE public.hydromelioratical_organization (
    id bigint NOT NULL,
    name character varying(100) NOT NULL,
    created_at timestamp with time zone NOT NULL,
    updated_at timestamp with time zone NOT NULL
);


ALTER TABLE public.hydromelioratical_organization OWNER TO hydro;

--
-- TOC entry 253 (class 1259 OID 60317)
-- Name: hydromelioratical_organization_id_seq; Type: SEQUENCE; Schema: public; Owner: hydro
--

ALTER TABLE public.hydromelioratical_organization ALTER COLUMN id ADD GENERATED BY DEFAULT AS IDENTITY (
    SEQUENCE NAME public.hydromelioratical_organization_id_seq
    START WITH 1
    INCREMENT BY 1
    NO MINVALUE
    NO MAXVALUE
    CACHE 1
);


--
-- TOC entry 254 (class 1259 OID 60318)
-- Name: hydromelioratical_waterlevel; Type: TABLE; Schema: public; Owner: hydro
--

CREATE TABLE public.hydromelioratical_waterlevel (
    id bigint NOT NULL,
    year integer NOT NULL,
    "I" double precision,
    "II" double precision,
    "III" double precision,
    "IV" double precision,
    "V" double precision,
    "VI" double precision,
    "VII" double precision,
    "VIII" double precision,
    "IX" double precision,
    "X" double precision,
    "XI" double precision,
    "XII" double precision,
    well_id bigint NOT NULL
);


ALTER TABLE public.hydromelioratical_waterlevel OWNER TO hydro;

--
-- TOC entry 255 (class 1259 OID 60321)
-- Name: hydromelioratical_waterlevel_id_seq; Type: SEQUENCE; Schema: public; Owner: hydro
--

ALTER TABLE public.hydromelioratical_waterlevel ALTER COLUMN id ADD GENERATED BY DEFAULT AS IDENTITY (
    SEQUENCE NAME public.hydromelioratical_waterlevel_id_seq
    START WITH 1
    INCREMENT BY 1
    NO MINVALUE
    NO MAXVALUE
    CACHE 1
);


--
-- TOC entry 256 (class 1259 OID 60322)
-- Name: hydromelioratical_well; Type: TABLE; Schema: public; Owner: hydro
--

CREATE TABLE public.hydromelioratical_well (
    id bigint NOT NULL,
    well_number integer NOT NULL,
    address character varying(200),
    created_at timestamp with time zone NOT NULL,
    updated_at timestamp with time zone NOT NULL,
    district_id bigint,
    expedicion_id bigint,
    location_id bigint,
    organization_id bigint,
    region_id bigint,
    type_id bigint
);


ALTER TABLE public.hydromelioratical_well OWNER TO hydro;

--
-- TOC entry 257 (class 1259 OID 60325)
-- Name: hydromelioratical_well_id_seq; Type: SEQUENCE; Schema: public; Owner: hydro
--

ALTER TABLE public.hydromelioratical_well ALTER COLUMN id ADD GENERATED BY DEFAULT AS IDENTITY (
    SEQUENCE NAME public.hydromelioratical_well_id_seq
    START WITH 1
    INCREMENT BY 1
    NO MINVALUE
    NO MAXVALUE
    CACHE 1
);


--
-- TOC entry 258 (class 1259 OID 60326)
-- Name: hydrometeorological_hydropost; Type: TABLE; Schema: public; Owner: hydro
--

CREATE TABLE public.hydrometeorological_hydropost (
    id bigint NOT NULL,
    name character varying(100) NOT NULL
);


ALTER TABLE public.hydrometeorological_hydropost OWNER TO hydro;

--
-- TOC entry 259 (class 1259 OID 60329)
-- Name: hydrometeorological_hydropost_id_seq; Type: SEQUENCE; Schema: public; Owner: hydro
--

ALTER TABLE public.hydrometeorological_hydropost ALTER COLUMN id ADD GENERATED BY DEFAULT AS IDENTITY (
    SEQUENCE NAME public.hydrometeorological_hydropost_id_seq
    START WITH 1
    INCREMENT BY 1
    NO MINVALUE
    NO MAXVALUE
    CACHE 1
);


--
-- TOC entry 260 (class 1259 OID 60330)
-- Name: hydrometeorological_hydropostvalue; Type: TABLE; Schema: public; Owner: hydro
--

CREATE TABLE public.hydrometeorological_hydropostvalue (
    id bigint NOT NULL,
    year integer NOT NULL,
    "I" double precision,
    "II" double precision,
    "III" double precision,
    "IV" double precision,
    "V" double precision,
    "VI" double precision,
    "VII" double precision,
    "VIII" double precision,
    "IX" double precision,
    "X" double precision,
    "XI" double precision,
    "XII" double precision,
    created_at timestamp with time zone NOT NULL,
    updated_at timestamp with time zone NOT NULL,
    hydropost_id bigint NOT NULL,
    region_id bigint,
    mode_id bigint
);


ALTER TABLE public.hydrometeorological_hydropostvalue OWNER TO hydro;

--
-- TOC entry 261 (class 1259 OID 60333)
-- Name: hydrometeorological_hydropostvalue_id_seq; Type: SEQUENCE; Schema: public; Owner: hydro
--

ALTER TABLE public.hydrometeorological_hydropostvalue ALTER COLUMN id ADD GENERATED BY DEFAULT AS IDENTITY (
    SEQUENCE NAME public.hydrometeorological_hydropostvalue_id_seq
    START WITH 1
    INCREMENT BY 1
    NO MINVALUE
    NO MAXVALUE
    CACHE 1
);


--
-- TOC entry 262 (class 1259 OID 60334)
-- Name: hydrometeorological_meteostation; Type: TABLE; Schema: public; Owner: hydro
--

CREATE TABLE public.hydrometeorological_meteostation (
    id bigint NOT NULL,
    name character varying(100) NOT NULL
);


ALTER TABLE public.hydrometeorological_meteostation OWNER TO hydro;

--
-- TOC entry 263 (class 1259 OID 60337)
-- Name: hydrometeorological_meteostation_id_seq; Type: SEQUENCE; Schema: public; Owner: hydro
--

ALTER TABLE public.hydrometeorological_meteostation ALTER COLUMN id ADD GENERATED BY DEFAULT AS IDENTITY (
    SEQUENCE NAME public.hydrometeorological_meteostation_id_seq
    START WITH 1
    INCREMENT BY 1
    NO MINVALUE
    NO MAXVALUE
    CACHE 1
);


--
-- TOC entry 264 (class 1259 OID 60338)
-- Name: hydrometeorological_meteostationvalue; Type: TABLE; Schema: public; Owner: hydro
--

CREATE TABLE public.hydrometeorological_meteostationvalue (
    id bigint NOT NULL,
    year integer NOT NULL,
    "I" double precision,
    "II" double precision,
    "III" double precision,
    "IV" double precision,
    "V" double precision,
    "VI" double precision,
    "VII" double precision,
    "VIII" double precision,
    "IX" double precision,
    "X" double precision,
    "XI" double precision,
    "XII" double precision,
    created_at timestamp with time zone NOT NULL,
    updated_at timestamp with time zone NOT NULL,
    meteostation_id bigint NOT NULL,
    region_id bigint,
    parameter_id bigint
);


ALTER TABLE public.hydrometeorological_meteostationvalue OWNER TO hydro;

--
-- TOC entry 265 (class 1259 OID 60341)
-- Name: hydrometeorological_meteostationvalue_id_seq; Type: SEQUENCE; Schema: public; Owner: hydro
--

ALTER TABLE public.hydrometeorological_meteostationvalue ALTER COLUMN id ADD GENERATED BY DEFAULT AS IDENTITY (
    SEQUENCE NAME public.hydrometeorological_meteostationvalue_id_seq
    START WITH 1
    INCREMENT BY 1
    NO MINVALUE
    NO MAXVALUE
    CACHE 1
);


--
-- TOC entry 266 (class 1259 OID 60342)
-- Name: hydrometeorological_mode; Type: TABLE; Schema: public; Owner: hydro
--

CREATE TABLE public.hydrometeorological_mode (
    id bigint NOT NULL,
    name character varying(100) NOT NULL
);


ALTER TABLE public.hydrometeorological_mode OWNER TO hydro;

--
-- TOC entry 267 (class 1259 OID 60345)
-- Name: hydrometeorological_mode_id_seq; Type: SEQUENCE; Schema: public; Owner: hydro
--

ALTER TABLE public.hydrometeorological_mode ALTER COLUMN id ADD GENERATED BY DEFAULT AS IDENTITY (
    SEQUENCE NAME public.hydrometeorological_mode_id_seq
    START WITH 1
    INCREMENT BY 1
    NO MINVALUE
    NO MAXVALUE
    CACHE 1
);


--
-- TOC entry 268 (class 1259 OID 60346)
-- Name: hydrometeorological_objecttype; Type: TABLE; Schema: public; Owner: hydro
--

CREATE TABLE public.hydrometeorological_objecttype (
    id bigint NOT NULL,
    name character varying(100) NOT NULL
);


ALTER TABLE public.hydrometeorological_objecttype OWNER TO hydro;

--
-- TOC entry 269 (class 1259 OID 60349)
-- Name: hydrometeorological_parameter; Type: TABLE; Schema: public; Owner: hydro
--

CREATE TABLE public.hydrometeorological_parameter (
    id bigint NOT NULL,
    name character varying(100) NOT NULL
);


ALTER TABLE public.hydrometeorological_parameter OWNER TO hydro;

--
-- TOC entry 270 (class 1259 OID 60352)
-- Name: hydrometeorological_parameter_id_seq; Type: SEQUENCE; Schema: public; Owner: hydro
--

ALTER TABLE public.hydrometeorological_parameter ALTER COLUMN id ADD GENERATED BY DEFAULT AS IDENTITY (
    SEQUENCE NAME public.hydrometeorological_parameter_id_seq
    START WITH 1
    INCREMENT BY 1
    NO MINVALUE
    NO MAXVALUE
    CACHE 1
);


--
-- TOC entry 271 (class 1259 OID 60353)
-- Name: hydrometeorological_type_id_seq; Type: SEQUENCE; Schema: public; Owner: hydro
--

ALTER TABLE public.hydrometeorological_objecttype ALTER COLUMN id ADD GENERATED BY DEFAULT AS IDENTITY (
    SEQUENCE NAME public.hydrometeorological_type_id_seq
    START WITH 1
    INCREMENT BY 1
    NO MINVALUE
    NO MAXVALUE
    CACHE 1
);


--
-- TOC entry 3606 (class 0 OID 60218)
-- Dependencies: 209
-- Data for Name: auth_group; Type: TABLE DATA; Schema: public; Owner: hydro
--

COPY public.auth_group (id, name) FROM stdin;
\.


--
-- TOC entry 3608 (class 0 OID 60222)
-- Dependencies: 211
-- Data for Name: auth_group_permissions; Type: TABLE DATA; Schema: public; Owner: hydro
--

COPY public.auth_group_permissions (id, group_id, permission_id) FROM stdin;
\.


--
-- TOC entry 3610 (class 0 OID 60226)
-- Dependencies: 213
-- Data for Name: auth_permission; Type: TABLE DATA; Schema: public; Owner: hydro
--

COPY public.auth_permission (id, name, content_type_id, codename) FROM stdin;
1	Can add log entry	1	add_logentry
2	Can change log entry	1	change_logentry
3	Can delete log entry	1	delete_logentry
4	Can view log entry	1	view_logentry
5	Can add permission	2	add_permission
6	Can change permission	2	change_permission
7	Can delete permission	2	delete_permission
8	Can view permission	2	view_permission
9	Can add group	3	add_group
10	Can change group	3	change_group
11	Can delete group	3	delete_group
12	Can view group	3	view_group
13	Can add user	4	add_user
14	Can change user	4	change_user
15	Can delete user	4	delete_user
16	Can view user	4	view_user
17	Can add content type	5	add_contenttype
18	Can change content type	5	change_contenttype
19	Can delete content type	5	delete_contenttype
20	Can view content type	5	view_contenttype
21	Can add session	6	add_session
22	Can change session	6	change_session
23	Can delete session	6	delete_session
24	Can view session	6	view_session
25	Can add organization	7	add_organization
26	Can change organization	7	change_organization
27	Can delete organization	7	delete_organization
28	Can view organization	7	view_organization
29	Can add station	8	add_station
30	Can change station	8	change_station
31	Can delete station	8	delete_station
32	Can view station	8	view_station
33	Can add well type	9	add_welltype
34	Can change well type	9	change_welltype
35	Can delete well type	9	delete_welltype
36	Can view well type	9	view_welltype
37	Can add well	10	add_well
38	Can change well	10	change_well
39	Can delete well	10	delete_well
40	Can view well	10	view_well
41	Can add location	11	add_location
42	Can change location	11	change_location
43	Can delete location	11	delete_location
44	Can view location	11	view_location
45	Can add coordinate	12	add_coordinate
46	Can change coordinate	12	change_coordinate
47	Can delete coordinate	12	delete_coordinate
48	Can view coordinate	12	view_coordinate
49	Can add district	13	add_district
50	Can change district	13	change_district
51	Can delete district	13	delete_district
52	Can view district	13	view_district
53	Can add region	14	add_region
54	Can change region	14	change_region
55	Can delete region	14	delete_region
56	Can view region	14	view_region
57	Can add water level	15	add_waterlevel
58	Can change water level	15	change_waterlevel
59	Can delete water level	15	delete_waterlevel
60	Can view water level	15	view_waterlevel
61	Can add water level	16	add_waterlevel
62	Can change water level	16	change_waterlevel
63	Can delete water level	16	delete_waterlevel
64	Can view water level	16	view_waterlevel
65	Can add object	17	add_object
66	Can change object	17	change_object
67	Can delete object	17	delete_object
68	Can view object	17	view_object
69	Can add organization	18	add_organization
70	Can change organization	18	change_organization
71	Can delete organization	18	delete_organization
72	Can view organization	18	view_organization
73	Can add coordinate	19	add_coordinate
74	Can change coordinate	19	change_coordinate
75	Can delete coordinate	19	delete_coordinate
76	Can view coordinate	19	view_coordinate
77	Can add object type	20	add_objecttype
78	Can change object type	20	change_objecttype
79	Can delete object type	20	delete_objecttype
80	Can view object type	20	view_objecttype
81	Can add expedicion	21	add_expedicion
82	Can change expedicion	21	change_expedicion
83	Can delete expedicion	21	delete_expedicion
84	Can view expedicion	21	view_expedicion
85	Can add well object type	20	add_wellobjecttype
86	Can change well object type	20	change_wellobjecttype
87	Can delete well object type	20	delete_wellobjecttype
88	Can view well object type	20	view_wellobjecttype
89	Can add well object	22	add_wellobject
90	Can change well object	22	change_wellobject
91	Can delete well object	22	delete_wellobject
92	Can view well object	22	view_wellobject
93	Can add well type	20	add_welltype
94	Can change well type	20	change_welltype
95	Can delete well type	20	delete_welltype
96	Can view well type	20	view_welltype
97	Can add well	23	add_well
98	Can change well	23	change_well
99	Can delete well	23	delete_well
100	Can view well	23	view_well
101	Can add type	24	add_type
102	Can change type	24	change_type
103	Can delete type	24	delete_type
104	Can view type	24	view_type
105	Can add meteostation	25	add_meteostation
106	Can change meteostation	25	change_meteostation
107	Can delete meteostation	25	delete_meteostation
108	Can view meteostation	25	view_meteostation
109	Can add mode	26	add_mode
110	Can change mode	26	change_mode
111	Can delete mode	26	delete_mode
112	Can view mode	26	view_mode
113	Can add hydropost	27	add_hydropost
114	Can change hydropost	27	change_hydropost
115	Can delete hydropost	27	delete_hydropost
116	Can view hydropost	27	view_hydropost
117	Can add hydropost value	28	add_hydropostvalue
118	Can change hydropost value	28	change_hydropostvalue
119	Can delete hydropost value	28	delete_hydropostvalue
120	Can view hydropost value	28	view_hydropostvalue
121	Can add parameter	29	add_parameter
122	Can change parameter	29	change_parameter
123	Can delete parameter	29	delete_parameter
124	Can view parameter	29	view_parameter
125	Can add meteostation value	30	add_meteostationvalue
126	Can change meteostation value	30	change_meteostationvalue
127	Can delete meteostation value	30	delete_meteostationvalue
128	Can view meteostation value	30	view_meteostationvalue
129	Can add object type	24	add_objecttype
130	Can change object type	24	change_objecttype
131	Can delete object type	24	delete_objecttype
132	Can view object type	24	view_objecttype
\.


--
-- TOC entry 3612 (class 0 OID 60230)
-- Dependencies: 215
-- Data for Name: auth_user; Type: TABLE DATA; Schema: public; Owner: hydro
--

COPY public.auth_user (id, password, last_login, is_superuser, username, first_name, last_name, email, is_staff, is_active, date_joined) FROM stdin;
1	pbkdf2_sha256$720000$4iGo4DMstpNtd8p05phQYw$40GGJsuiNA5UA69LdKjsqgqWvF3Xh2CLTMTTTxF1WMk=	2024-07-25 23:32:37.286544+05	t	admin				t	t	2024-07-02 15:46:22.570551+05
\.


--
-- TOC entry 3613 (class 0 OID 60235)
-- Dependencies: 216
-- Data for Name: auth_user_groups; Type: TABLE DATA; Schema: public; Owner: hydro
--

COPY public.auth_user_groups (id, user_id, group_id) FROM stdin;
\.


--
-- TOC entry 3616 (class 0 OID 60240)
-- Dependencies: 219
-- Data for Name: auth_user_user_permissions; Type: TABLE DATA; Schema: public; Owner: hydro
--

COPY public.auth_user_user_permissions (id, user_id, permission_id) FROM stdin;
\.


--
-- TOC entry 3618 (class 0 OID 60244)
-- Dependencies: 221
-- Data for Name: common_district; Type: TABLE DATA; Schema: public; Owner: hydro
--

COPY public.common_district (id, name, region_id) FROM stdin;
15	Amudaryo tumani	1
16	Beruniy tumani	1
17	Kegayli tumani	1
18	Qonliko'l tumani	1
19	Qorao'zak tumani	1
20	Qo'ng'irot tumani	1
21	Mo'ynoq tumani	1
22	Nukus tumani	1
23	Nukus shahri	1
24	Taxtako'pir tumani	1
25	To'rtko'l tumani	1
26	Xo'jayli tumani	1
27	Chimboy tumani	1
28	Shumanay tumani	1
29	Ellikqal'a tumani	1
30	Andijon shahri	2
31	Andijon tumani	2
32	Asaka tumani	2
33	Baliqchi tumani	2
34	Buloqboshi tumani	2
35	Bo'z tumani	2
36	Jalaquduq tumani	2
37	Izbosgan tumani	2
38	Qorasuv shahri	2
39	Qo'rg'ontepa tumani	2
40	Marhamat tumani	2
41	Oltinko'l tumani	2
42	Paxtaobod tumani	2
43	Ulug'nor tumani	2
44	Xonabod tumani	2
45	Xo'jaobod tumani	2
46	Shahrixon tumani	2
47	Buxoro shahri	3
48	Buxoro tumani	3
49	Vobkent tumani	3
50	G'ijduvon tumani	3
51	Jondor tumani	3
52	Kogon tumani	3
53	Kogon shahri	3
54	Qorako'l tumani	3
55	Qorovulbozor tumani	3
56	Olot tumani	3
57	Peshku tumani	3
58	Romitan tumani	3
59	Shofirkon tumani	3
60	Arnasoy tumani	4
61	Baxmal tumani	4
62	G'allaorol tumani	4
63	Do'stlik tumani	4
64	Sh.Rashidov tumani	4
65	Jizzax shahri	4
66	Zarbdor tumani	4
67	Zafarobod tumani	4
68	Zomin tumani	4
69	Mirzacho'l tumani	4
70	Paxtakor tumani	4
71	Forish tumani	4
72	Yangiobod tumani	4
73	G'uzor tumani	5
74	Dehqonobod tumani	5
75	Qamashi tumani	5
76	Qarshi tumani	5
77	Qarshi shahri	5
78	Kasbi tumani	5
79	Kitob tumani	5
80	Koson tumani	5
81	Mirishkor tumani	5
82	Muborak tumani	5
83	Nishon tumani	5
84	Chiroqchi tumani	5
85	Shahrisabz tumani	5
86	Yakkabog' tumani	5
87	Zarafshon shahri	6
88	Karmana tumani	6
89	Qiziltepa tumani	6
90	Konimex tumani	6
91	Navbahor tumani	6
92	Navoiy shahri	6
93	Nurota tumani	6
94	Tomdi tumani	6
95	Uchquduq tumani	6
96	Xatirchi tumani	6
97	Kosonsoy tumani	7
98	Mingbuloq tumani	7
99	Namangan tumani	7
100	Namangan shahri	7
101	Norin tumani	7
102	Pop tumani	7
103	To'raqo'rg'on tumani	7
104	Uychi tumani	7
105	Uchqo'rg'on tumani	7
106	Chortoq tumani	7
107	Chust tumani	7
108	Yangiqo'rg'on tumani	7
109	Bulung'ur tumani	8
110	Jomboy tumani	8
111	Ishtixon tumani	8
112	Kattaqo'rg'on tumani	8
113	Kattaqo'rg'on shahri	8
114	Qo'shrabot tumani	8
115	Narpay tumani	8
116	Nurabod tumani	8
117	Oqdaryo tumani	8
118	Payariq tumani	8
119	Pastarg'om tumani	8
120	Paxtachi tumani	8
121	Samarqand tumani	8
122	Samarqand shahri	8
123	Toyloq tumani	8
124	Urgut tumani	8
125	Angor tumani	9
126	Boysun tumani	9
127	Denov tumani	9
128	Jarqo'rg'on tumani	9
129	Qiziriq tumani	9
130	Qo'mqo'rg'on tumani	9
131	Muzrabot tumani	9
132	Oltinsoy tumani	9
133	Sariosiyo tumani	9
134	Termiz tumani	9
135	Termiz shahri	9
136	Uzun tumani	9
137	Sherobod tumani	9
138	Sho'rchi tumani	9
139	Boyovut tumani	10
140	Guliston tumani	10
141	Guliston shahri	10
142	Mirzaobod tumani	10
143	Oqoltin tumani	10
144	Sayxunobod tumani	10
145	Sardoba tumani	10
146	Sirdaryo tumani	10
147	Xavos tumani	10
148	Shirin shahri	10
149	Yangiyer shahri	10
150	Angiren shahri	11
151	Bekabod tumani	11
152	Bekabod shahri	11
153	Bo'ka tumani	11
154	Bo'stonliq tumani	11
155	Zangiota tumani	11
156	Qibray tumani	11
157	Quyichirchiq tumani	11
158	Oqqo'rg'on tumani	11
159	Olmaliq shahri	11
160	Ohangaron tumani	11
161	Parkent tumani	11
162	Piskent tumani	11
163	O'rtachirchiq tumani	11
164	Chinoz tumani	11
165	Chirchiq shahri	11
166	Yuqorichirchiq tumani	11
167	Yangiyo'l tumani	11
168	Beshariq tumani	12
169	Bog'dod tumani	12
170	Buvayda tumani	12
171	Dang'ara tumani	12
172	Yozyovon tumani	12
173	Quva tumani	12
174	Quvasoy shahri	12
175	Qo'qon shahri	12
176	Qo'shtepa tumani	12
177	Marg'ilon shahri	12
178	Oltiariq tumani	12
179	Rishton tumani	12
180	So'x tumani	12
181	Toshloq tumani	12
182	Uchko'prik tumani	12
183	O'zbekiston tumani	12
184	Farg'ona tumani	12
185	Farg'ona shahri	12
186	Furqat tumani	12
187	Bog'ot tumani	13
188	Gurlan tumani	13
189	Qo'shko'pir tumani	13
190	Urganch tumani	13
191	Urganch shahri	13
192	Xiva tumani	13
193	Xazarasp tumani	13
194	Xonqa tumani	13
195	Shavot tumani	13
196	Yangiariq tumani	13
197	Yangibozor tumani	13
198	Bektimer tumani	14
199	Mirzo Ulug'bek tumani	14
200	Mirobod tumani	14
201	Olmazor tumani	14
202	Sirg'ali tumani	14
203	Uchtepa tumani	14
204	Yashnobod tumani	14
205	Chilonzor tumani	14
206	Shayxontohur tumani	14
207	Yunusobod tumani	14
208	Yakkasaroy tumani	14
209	Taxiatosh shahri	1
210	Asaka shahri	2
211	Bandixon tumani	9
212	Ohangaron shahri	11
213	Yangiyo'l shahri	11
215	Toshkent tumani	11
216	Xiva shahri	13
217	Do'stlik shahri	13
218	Yangihayot tumani	14
219	Tuproqqala tumani	13
220	Davlatobod tumani	7
221	G'ozg'on shahri	6
222	Bo'zatov tumani	1
224	Shahrisabz shahri	5
225	Ko'kdala tumani	5
\.


--
-- TOC entry 3620 (class 0 OID 60248)
-- Dependencies: 223
-- Data for Name: common_location; Type: TABLE DATA; Schema: public; Owner: hydro
--

COPY public.common_location (id, name) FROM stdin;
9	Adir mintaqasi
10	Tog' massivi
11	Daryo qirg'og'i
12	Aholi punkti
13	Cho'l
14	Foydali qazilma koni
15	Sug'oriladigan maydon
16	Texnogen ob'yekt
\.


--
-- TOC entry 3622 (class 0 OID 60252)
-- Dependencies: 225
-- Data for Name: common_region; Type: TABLE DATA; Schema: public; Owner: hydro
--

COPY public.common_region (id, name) FROM stdin;
1	Qoraqalpog'iston Respublikasi
2	Andijon viloyati
3	Buxoro viloyati
4	Jizzax viloyati
5	Qashqadaryo viloyati
6	Navoiy viloyati
7	Namangan viloyati
8	Samarqand viloyati
9	Surxandaryo viloyati
10	Sirdaryo viloyati
11	Toshkent viloyati
12	Farg'ona viloyati
13	Xorazm viloyati
14	Toshkent shahri
\.


--
-- TOC entry 3624 (class 0 OID 60256)
-- Dependencies: 227
-- Data for Name: django_admin_log; Type: TABLE DATA; Schema: public; Owner: hydro
--

COPY public.django_admin_log (id, action_time, object_id, object_repr, action_flag, change_message, content_type_id, user_id) FROM stdin;
1	2024-07-02 16:03:33.883258+05	1	O'zbekgidrogeologiya DUK	1	[{"added": {}}]	7	1
2	2024-07-03 19:40:58.620322+05	8	Shurf	3		11	1
3	2024-07-03 19:40:58.639355+05	7	Kon	3		11	1
4	2024-07-03 19:40:58.641374+05	6	Qidiruv ekspluatatsion qudug'i	3		11	1
5	2024-07-03 19:40:58.642937+05	5	Qidiruv qudug'i	3		11	1
6	2024-07-03 19:40:58.643477+05	4	Kuzatuv qudug'i	3		11	1
7	2024-07-03 19:40:58.644943+05	3	Xaritalash qudug'i	3		11	1
8	2024-07-03 19:40:58.646978+05	2	Drinaj qudug'i	3		11	1
9	2024-07-03 19:40:58.648074+05	1	Gidrokimyoviy tarkib	3		11	1
10	2024-07-08 16:33:10.542907+05	1	873	2	[]	10	1
11	2024-07-10 17:29:08.119803+05	1	Andijon gidromeliorativ ekspeditsiyasi	1	[{"added": {}}]	21	1
12	2024-07-10 17:29:19.233039+05	2	Buxoro gidromeliorativ ekspeditsiyasi	1	[{"added": {}}]	21	1
13	2024-07-10 17:29:38.343749+05	3	Farg'ona gidromeliorativ ekspeditsiyasi	1	[{"added": {}}]	21	1
14	2024-07-10 17:29:53.782875+05	4	Jizzax gidromeliorativ ekspeditsiyasi	1	[{"added": {}}]	21	1
15	2024-07-10 17:30:04.444818+05	5	Xorazm gidromeliorativ ekspeditsiyasi	1	[{"added": {}}]	21	1
16	2024-07-10 17:30:16.765202+05	6	Namangan gidromeliorativ ekspeditsiyasi	1	[{"added": {}}]	21	1
17	2024-07-10 17:30:30.342537+05	7	Navoiy gidromeliorativ ekspeditsiyasi	1	[{"added": {}}]	21	1
18	2024-07-10 17:30:41.462712+05	8	Qashqadaryo gidromeliorativ ekspeditsiyasi	1	[{"added": {}}]	21	1
19	2024-07-10 17:30:53.847991+05	9	Qoraqalpog'iston Respublikasi gidromeliorativ ekspeditsiyasi	1	[{"added": {}}]	21	1
20	2024-07-10 17:31:10.893623+05	10	Samarqand gidromeliorativ ekspeditsiyasi	1	[{"added": {}}]	21	1
21	2024-07-10 17:31:25.658175+05	11	Sirdaryo gidromeliorativ ekspeditsiyasi	1	[{"added": {}}]	21	1
22	2024-07-10 17:31:35.805735+05	12	Surxandaryo gidromeliorativ ekspeditsiyasi	1	[{"added": {}}]	21	1
23	2024-07-10 17:32:10.009884+05	13	Toshkent gidromeliorativ ekspeditsiyasi	1	[{"added": {}}]	21	1
24	2024-07-10 18:17:43.478644+05	1	O'zbekisto Respublikasi Suv xo'jaligi vazirligi	1	[{"added": {}}]	18	1
25	2024-07-10 18:18:07.079415+05	1	Yer osti suvlari sathi	1	[{"added": {}}]	20	1
26	2024-07-10 18:18:16.707396+05	2	Yer osti suvlari minerallashuvi	1	[{"added": {}}]	20	1
27	2024-07-10 19:53:55.270715+05	3	716	3		23	1
28	2024-07-10 19:53:55.286143+05	2	716	3		23	1
29	2024-07-10 19:53:55.286647+05	1	716	3		23	1
30	2024-07-10 19:54:07.480043+05	20	716 - 2023	3		16	1
31	2024-07-10 19:54:07.483454+05	19	716 - 2022	3		16	1
32	2024-07-10 19:54:07.484477+05	18	716 - 2021	3		16	1
33	2024-07-10 19:54:07.486036+05	17	716 - 2020	3		16	1
34	2024-07-10 19:54:07.487302+05	16	716 - 2019	3		16	1
35	2024-07-10 19:54:07.489692+05	15	716 - 2018	3		16	1
36	2024-07-10 19:54:07.490695+05	14	716 - 2017	3		16	1
37	2024-07-10 19:54:07.491711+05	13	716 - 2016	3		16	1
38	2024-07-10 19:54:07.493713+05	12	716 - 2015	3		16	1
39	2024-07-10 19:54:07.494728+05	11	716 - 2014	3		16	1
40	2024-07-10 19:54:07.49779+05	10	716 - 2013	3		16	1
41	2024-07-10 19:54:07.498402+05	9	716 - 2012	3		16	1
42	2024-07-10 19:54:07.507969+05	8	716 - 2011	3		16	1
43	2024-07-10 19:54:07.509164+05	7	716 - 2010	3		16	1
44	2024-07-10 19:54:07.510221+05	6	716 - 2009	3		16	1
45	2024-07-10 19:54:07.512296+05	5	716 - 2008	3		16	1
46	2024-07-10 19:54:07.513272+05	4	716 - 2007	3		16	1
47	2024-07-10 19:54:07.513272+05	3	716 - 2006	3		16	1
48	2024-07-10 19:54:07.51436+05	2	716 - 2005	3		16	1
49	2024-07-10 19:54:07.516892+05	1	716 - 2004	3		16	1
50	2024-07-15 03:38:56.964446+05	1	Toshkent shahri - Toshkent oldi - 873	2	[{"changed": {"name": "Yerosti suvlari sathi", "object": "Toshkent shahri - Toshkent oldi - 873 - 2000", "fields": ["Yanvar"]}}, {"changed": {"name": "Yerosti suvlari sathi", "object": "Toshkent shahri - Toshkent oldi - 873 - 2001", "fields": ["Fevral"]}}, {"changed": {"name": "Yerosti suvlari sathi", "object": "Toshkent shahri - Toshkent oldi - 873 - 2004", "fields": ["Mart"]}}, {"changed": {"name": "Yerosti suvlari sathi", "object": "Toshkent shahri - Toshkent oldi - 873 - 2006", "fields": ["Aprel"]}}]	10	1
51	2024-07-17 19:31:49.781758+05	1	Toshkent shahri - Toshkent oldi - 873	2	[{"changed": {"name": "Yerosti suvlari sathi", "object": "Toshkent shahri - Toshkent oldi - 873 - 2000", "fields": ["Yanvar"]}}, {"changed": {"name": "Yerosti suvlari sathi", "object": "Toshkent shahri - Toshkent oldi - 873 - 2001", "fields": ["Fevral"]}}, {"changed": {"name": "Yerosti suvlari sathi", "object": "Toshkent shahri - Toshkent oldi - 873 - 2004", "fields": ["Mart"]}}, {"changed": {"name": "Yerosti suvlari sathi", "object": "Toshkent shahri - Toshkent oldi - 873 - 2006", "fields": ["Aprel"]}}]	10	1
\.


--
-- TOC entry 3626 (class 0 OID 60263)
-- Dependencies: 229
-- Data for Name: django_content_type; Type: TABLE DATA; Schema: public; Owner: hydro
--

COPY public.django_content_type (id, app_label, model) FROM stdin;
1	admin	logentry
2	auth	permission
3	auth	group
4	auth	user
5	contenttypes	contenttype
6	sessions	session
7	hydrogeological	organization
8	hydrogeological	station
9	hydrogeological	welltype
10	hydrogeological	well
11	common	location
12	hydrogeological	coordinate
13	common	district
14	common	region
15	hydrogeological	waterlevel
16	hydromelioratical	waterlevel
17	hydromelioratical	object
18	hydromelioratical	organization
19	hydromelioratical	coordinate
21	hydromelioratical	expedicion
22	hydromelioratical	wellobject
20	hydromelioratical	welltype
23	hydromelioratical	well
25	hydrometeorological	meteostation
26	hydrometeorological	mode
27	hydrometeorological	hydropost
28	hydrometeorological	hydropostvalue
29	hydrometeorological	parameter
30	hydrometeorological	meteostationvalue
24	hydrometeorological	objecttype
\.


--
-- TOC entry 3628 (class 0 OID 60267)
-- Dependencies: 231
-- Data for Name: django_migrations; Type: TABLE DATA; Schema: public; Owner: hydro
--

COPY public.django_migrations (id, app, name, applied) FROM stdin;
1	contenttypes	0001_initial	2024-07-02 15:20:11.078766+05
2	auth	0001_initial	2024-07-02 15:20:11.208006+05
3	admin	0001_initial	2024-07-02 15:20:11.242705+05
4	admin	0002_logentry_remove_auto_add	2024-07-02 15:20:11.247624+05
5	admin	0003_logentry_add_action_flag_choices	2024-07-02 15:20:11.253617+05
6	contenttypes	0002_remove_content_type_name	2024-07-02 15:20:11.269165+05
7	auth	0002_alter_permission_name_max_length	2024-07-02 15:20:11.275544+05
8	auth	0003_alter_user_email_max_length	2024-07-02 15:20:11.281911+05
9	auth	0004_alter_user_username_opts	2024-07-02 15:20:11.287944+05
10	auth	0005_alter_user_last_login_null	2024-07-02 15:20:11.295613+05
11	auth	0006_require_contenttypes_0002	2024-07-02 15:20:11.296248+05
12	auth	0007_alter_validators_add_error_messages	2024-07-02 15:20:11.325312+05
13	auth	0008_alter_user_username_max_length	2024-07-02 15:20:11.338917+05
14	auth	0009_alter_user_last_name_max_length	2024-07-02 15:20:11.343849+05
15	auth	0010_alter_group_name_max_length	2024-07-02 15:20:11.35228+05
16	auth	0011_update_proxy_permissions	2024-07-02 15:20:11.35782+05
17	auth	0012_alter_user_first_name_max_length	2024-07-02 15:20:11.364223+05
18	hydrogeological	0001_initial	2024-07-02 15:20:11.409379+05
19	sessions	0001_initial	2024-07-02 15:20:11.42811+05
20	common	0001_initial	2024-07-03 18:41:05.392697+05
21	hydrogeological	0002_well_address_well_district_well_location_well_region_and_more	2024-07-03 18:41:05.449278+05
22	common	0002_region_district	2024-07-04 16:12:12.071464+05
23	hydrogeological	0003_well_organization	2024-07-04 16:12:12.086227+05
24	hydrogeological	0004_alter_well_district_alter_well_region	2024-07-04 20:18:10.156907+05
25	hydrogeological	0005_waterlevel	2024-07-09 17:47:29.388238+05
26	hydromelioratical	0001_initial	2024-07-10 16:38:49.186412+05
27	hydromelioratical	0002_remove_waterlevel_object_remove_coordinate_object_and_more	2024-07-10 17:17:09.725237+05
28	hydromelioratical	0003_remove_coordinate_well_object_and_more	2024-07-10 18:03:58.562348+05
29	hydrometeorological	0001_initial	2024-07-11 17:19:23.958557+05
30	hydrometeorological	0002_rename_type_objecttype	2024-07-12 18:15:58.30728+05
\.


--
-- TOC entry 3630 (class 0 OID 60273)
-- Dependencies: 233
-- Data for Name: django_session; Type: TABLE DATA; Schema: public; Owner: hydro
--

COPY public.django_session (session_key, session_data, expire_date) FROM stdin;
nyxj08gxto0aggn3rxqfrstzzje8x7q0	.eJxVjDEOAiEQAP9CbQiwsBhLe99AFljk1EBy3FXGvxuSK7SdmcxbBNq3GvbBa1iyuAgtTr8sUnpymyI_qN27TL1t6xLlTORhh7z1zK_r0f4NKo06t1EVdsapXABLLiZ5x-eECqNWntGwA48GrEEERbGAZ8DM1lHSbEF8vt61N5Y:1sOb1y:vf2MeJF97FD8fLi6-MY3JuJq-BDMAD-Z-m3nHs8p8uM	2024-07-16 15:46:38.193584+05
nufoqg6zfmcfro28iaou6vygx53qtasu	.eJxVjDEOAiEQAP9CbQiwsBhLe99AFljk1EBy3FXGvxuSK7SdmcxbBNq3GvbBa1iyuAgtTr8sUnpymyI_qN27TL1t6xLlTORhh7z1zK_r0f4NKo06t1EVdsapXABLLiZ5x-eECqNWntGwA48GrEEERbGAZ8DM1lHSbEF8vt61N5Y:1sOxYc:xLUVL7Yt37nFYnb5OGgnGbY2qGY39HLnhlIc0HNJfzo	2024-07-17 15:49:50.617342+05
dd7l30lfu86s5gyi1r20vyuka4e660nm	.eJxVjDEOAiEQAP9CbQiwsBhLe99AFljk1EBy3FXGvxuSK7SdmcxbBNq3GvbBa1iyuAgtTr8sUnpymyI_qN27TL1t6xLlTORhh7z1zK_r0f4NKo06t1EVdsapXABLLiZ5x-eECqNWntGwA48GrEEERbGAZ8DM1lHSbEF8vt61N5Y:1sRWH3:ouyZZW9l6xnJ4XNsPSmJ481R7VlbnnB449BCuX3D2ls	2024-07-24 17:18:17.050627+05
yxw8xkgtmapep8ht9tok911px13uuf6g	.eJxVjDEOAiEQAP9CbQiwsBhLe99AFljk1EBy3FXGvxuSK7SdmcxbBNq3GvbBa1iyuAgtTr8sUnpymyI_qN27TL1t6xLlTORhh7z1zK_r0f4NKo06t1EVdsapXABLLiZ5x-eECqNWntGwA48GrEEERbGAZ8DM1lHSbEF8vt61N5Y:1sX3GX:xLpfmxNmLMsJfUbem4qDPuAXUCBsmN1USeShB7j244o	2024-08-08 23:32:37.292536+05
\.


--
-- TOC entry 3631 (class 0 OID 60278)
-- Dependencies: 234
-- Data for Name: hydrogeological_coordinate; Type: TABLE DATA; Schema: public; Owner: hydro
--

COPY public.hydrogeological_coordinate (id, lat_degree, lat_minute, lat_second, lon_degree, lon_minute, lon_second, x, y, well_id) FROM stdin;
1	65	73	74	58	63	65	67	49	1
2	93	29	42	36	5	62	73	85	4
\.


--
-- TOC entry 3633 (class 0 OID 60282)
-- Dependencies: 236
-- Data for Name: hydrogeological_organization; Type: TABLE DATA; Schema: public; Owner: hydro
--

COPY public.hydrogeological_organization (id, name, created_at, updated_at) FROM stdin;
1	O'zbekgidrogeologiya DUK	2024-07-02 16:03:33.87914+05	2024-07-02 16:03:33.87914+05
\.


--
-- TOC entry 3635 (class 0 OID 60286)
-- Dependencies: 238
-- Data for Name: hydrogeological_station; Type: TABLE DATA; Schema: public; Owner: hydro
--

COPY public.hydrogeological_station (id, name, created_at, updated_at) FROM stdin;
1	Buxoro	2024-07-02 16:30:47.946739+05	2024-07-02 16:30:47.946739+05
2	Farg'ona	2024-07-02 16:30:47.95475+05	2024-07-02 16:30:47.95475+05
3	Shimoliy-sharqiy Qizilqum	2024-07-02 16:30:47.955852+05	2024-07-02 16:30:47.955852+05
4	Markaziy Qizilqum	2024-07-02 16:30:47.958516+05	2024-07-02 16:30:47.958516+05
5	Nurota Turkiston	2024-07-02 16:30:47.960479+05	2024-07-02 16:30:47.960479+05
6	Qashqadaryo	2024-07-02 16:30:47.963002+05	2024-07-02 16:30:47.963002+05
7	Orolbo'yi	2024-07-02 16:30:47.965056+05	2024-07-02 16:30:47.965056+05
8	Zarafshon	2024-07-02 16:30:47.970856+05	2024-07-02 16:30:47.970856+05
9	Surxandaryo	2024-07-02 16:30:47.973717+05	2024-07-02 16:30:47.973717+05
10	Toshkent oldi	2024-07-02 16:30:47.975724+05	2024-07-02 16:30:47.975724+05
11	Quyi Amudaryo	2024-07-02 16:30:47.97822+05	2024-07-02 16:30:47.97822+05
12	Ustyurt	2024-07-02 16:30:47.981145+05	2024-07-02 16:30:47.981145+05
\.


--
-- TOC entry 3637 (class 0 OID 60290)
-- Dependencies: 240
-- Data for Name: hydrogeological_waterlevel; Type: TABLE DATA; Schema: public; Owner: hydro
--

COPY public.hydrogeological_waterlevel (id, year, "I", "II", "III", "IV", "V", "VI", "VII", "VIII", "IX", "X", "XI", "XII", well_id) FROM stdin;
2364	2000	5.1	6	11.8	22.4	27.1	28.8	30.7	29	23.9	16.3	8.6	7.1	1
2365	2001	2.4	8.2	13.4	22.3	28	30.4	30.5	28.1	22.5	17.2	12	7.3	1
2368	2004	7.3	10.5	14.2	18.4	25.8	29.6	30	28.4	23.4	15.7	13.3	5.7	1
2370	2006	1.3	10.7	13.6	20.1	27.7	29.3	30.3	29	22.5	20.3	11.7	1.9	1
2367	2003	6.1	7.6	11.3	17.4	21.8	28	31.1	28.7	23.5	18.5	10.2	5.1	1
2369	2005	5	4.5	14.8	19.1	23	29.6	31.1	27.9	24.4	17.4	10.6	6.9	1
2366	2002	6.2	8	14.2	19	24.4	29.4	29.9	29.2	23.1	19.2	11.7	1.7	1
2371	2007	4.3	8.2	11.3	22.4	25.5	30.4	30.3	27.7	23	14	11.8	4.7	1
2372	2008	-5.7	2.7	17.5	21.1	27.2	30.8	30.9	28.9	23.8	17.2	10.5	5.3	1
2373	2009	5.3	9.4	15	15.9	24.7	27.8	30.1	28.5	23.9	16.2	10.9	7.1	1
2374	2010	7.3	7	14.4	20.5	25.4	29.2	30.4	28.6	22.6	19.5	10.2	5.3	1
2375	2011	4.4	6.1	12.5	21	27.2	30.6	30.4	30	24	17.9	8.3	2.5	1
2376	2012	3.1	2.6	10.2	21.2	24.5	29.1	30.5	29.2	22.9	17.3	10.7	3.9	1
2377	2013	4.7	9.3	13.9	18.5	25.2	30.3	31.2	28.9	25.3	17.1	11	4.8	1
2378	2014	5.8	0.1	11.9	19.1	26.4	30.1	30.2	28.1	24.5	16.6	8.8	5.3	1
2379	2015	6	8.8	10.9	19.4	25.9	30.1	31.8	28.3	22.7	17.8	9.6	5.6	1
2380	2016	7	8.7	15.3	19.3	27.3	30.5	31.3	28.6	25.7	16	8.2	6.4	1
2381	2017	5	5.1	12.4	18.2	27.8	30.3	31.6	28	23.8	17.3	11.9	5.6	1
2382	2018	4.5	7.5	17.2	18.9	24.2	29.6	32.9	28.6	23.3	15.8	9.6	6.9	1
2383	2019	7.1	7.2	14.6	20	25.2	28.2	32.5	29.2	24.4	18	8.3	7.9	1
2384	2020	4.3	9.2	13.8	18.5	25	29.6	31.1	28.9	22.2	14.7	7.8	2.3	1
2385	2021	3	10.8	13.5	20.6	27.2	31	33.2	29.3	25.3	15	8.5	7.7	1
2386	2022	7.5	9.5	13.9	23.6	25.8	30.6	32.9	28.3	25.2	18	12.2	4.5	1
2387	2023	0.3	10.1	18.6	21.4	26.1	32.1	33	30	24.2	19.3	14.6	8.2	1
\.


--
-- TOC entry 3639 (class 0 OID 60294)
-- Dependencies: 242
-- Data for Name: hydrogeological_well; Type: TABLE DATA; Schema: public; Owner: hydro
--

COPY public.hydrogeological_well (id, well_number, created_at, updated_at, station_id, type_id, address, district_id, location_id, region_id, organization_id) FROM stdin;
1	873	1997-08-22 05:00:00+05	2024-07-17 19:31:49.765288+05	10	6	Nemo lorem in qui aliquam minus	204	11	14	1
4	717212	2019-06-08 05:00:00+05	2024-07-18 14:54:45.332782+05	8	8	Dolore quis et est minima	182	12	12	1
\.


--
-- TOC entry 3641 (class 0 OID 60298)
-- Dependencies: 244
-- Data for Name: hydrogeological_welltype; Type: TABLE DATA; Schema: public; Owner: hydro
--

COPY public.hydrogeological_welltype (id, name, created_at, updated_at) FROM stdin;
1	Gidrokimyoviy tarkib	2024-07-02 16:33:20.753154+05	2024-07-02 16:33:20.753154+05
2	Drinaj qudug'i	2024-07-02 16:33:20.757121+05	2024-07-02 16:33:20.757121+05
3	Xaritalash qudug'i	2024-07-02 16:33:20.759395+05	2024-07-02 16:33:20.759395+05
4	Kuzatuv qudug'i	2024-07-02 16:33:20.761612+05	2024-07-02 16:33:20.761612+05
5	Qidiruv qudug'i	2024-07-02 16:33:20.763623+05	2024-07-02 16:33:20.763623+05
6	Qidiruv ekspluatatsion qudug'i	2024-07-02 16:33:20.766198+05	2024-07-02 16:33:20.766198+05
7	Kon	2024-07-02 16:33:20.76827+05	2024-07-02 16:33:20.76827+05
8	Shurf	2024-07-02 16:33:20.772092+05	2024-07-02 16:33:20.772092+05
\.


--
-- TOC entry 3643 (class 0 OID 60302)
-- Dependencies: 246
-- Data for Name: hydromelioratical_coordinate; Type: TABLE DATA; Schema: public; Owner: hydro
--

COPY public.hydromelioratical_coordinate (id, lat_degree, lat_minute, lat_second, lon_degree, lon_minute, lon_second, x, y, well_id) FROM stdin;
3	11	6	19	75	73	76	15	88	4
\.


--
-- TOC entry 3645 (class 0 OID 60306)
-- Dependencies: 248
-- Data for Name: hydromelioratical_expedicion; Type: TABLE DATA; Schema: public; Owner: hydro
--

COPY public.hydromelioratical_expedicion (id, name, created_at, updated_at, region_id) FROM stdin;
1	Andijon gidromeliorativ ekspeditsiyasi	2024-07-10 17:29:08.11327+05	2024-07-10 17:29:08.11327+05	2
2	Buxoro gidromeliorativ ekspeditsiyasi	2024-07-10 17:29:19.224386+05	2024-07-10 17:29:19.224386+05	3
3	Farg'ona gidromeliorativ ekspeditsiyasi	2024-07-10 17:29:38.334897+05	2024-07-10 17:29:38.334897+05	12
4	Jizzax gidromeliorativ ekspeditsiyasi	2024-07-10 17:29:53.781374+05	2024-07-10 17:29:53.781374+05	4
5	Xorazm gidromeliorativ ekspeditsiyasi	2024-07-10 17:30:04.443724+05	2024-07-10 17:30:04.443724+05	13
6	Namangan gidromeliorativ ekspeditsiyasi	2024-07-10 17:30:16.763142+05	2024-07-10 17:30:16.763142+05	7
7	Navoiy gidromeliorativ ekspeditsiyasi	2024-07-10 17:30:30.341119+05	2024-07-10 17:30:30.341119+05	6
8	Qashqadaryo gidromeliorativ ekspeditsiyasi	2024-07-10 17:30:41.461344+05	2024-07-10 17:30:41.461344+05	5
9	Qoraqalpog'iston Respublikasi gidromeliorativ ekspeditsiyasi	2024-07-10 17:30:53.845554+05	2024-07-10 17:30:53.845554+05	1
10	Samarqand gidromeliorativ ekspeditsiyasi	2024-07-10 17:31:10.892594+05	2024-07-10 17:31:10.892594+05	8
11	Sirdaryo gidromeliorativ ekspeditsiyasi	2024-07-10 17:31:25.656946+05	2024-07-10 17:31:25.656946+05	10
12	Surxandaryo gidromeliorativ ekspeditsiyasi	2024-07-10 17:31:35.803778+05	2024-07-10 17:31:35.803778+05	9
13	Toshkent gidromeliorativ ekspeditsiyasi	2024-07-10 17:32:10.007818+05	2024-07-10 17:32:10.007818+05	11
\.


--
-- TOC entry 3649 (class 0 OID 60314)
-- Dependencies: 252
-- Data for Name: hydromelioratical_organization; Type: TABLE DATA; Schema: public; Owner: hydro
--

COPY public.hydromelioratical_organization (id, name, created_at, updated_at) FROM stdin;
1	O'zbekisto Respublikasi Suv xo'jaligi vazirligi	2024-07-10 18:17:43.467607+05	2024-07-10 18:17:43.467607+05
\.


--
-- TOC entry 3651 (class 0 OID 60318)
-- Dependencies: 254
-- Data for Name: hydromelioratical_waterlevel; Type: TABLE DATA; Schema: public; Owner: hydro
--

COPY public.hydromelioratical_waterlevel (id, year, "I", "II", "III", "IV", "V", "VI", "VII", "VIII", "IX", "X", "XI", "XII", well_id) FROM stdin;
27	2000	5.2	6	11.8	22.4	27.1	28.8	30.7	29	23.9	16.3	8.6	7.1	4
28	2001	2.4	7.3	13.4	22.3	28	30.4	30.5	28.1	22.5	17.2	12	7.3	4
29	2002	6.2	8	14.2	19	24.4	29.4	29.9	29.2	23.1	19.2	11.7	1.7	4
30	2003	6.1	7.6	11.3	17.4	21.8	28	31.1	28.7	23.5	18.5	10.2	5.1	4
31	2004	7.3	10.5	13.6	18.4	25.8	29.6	30	28.4	23.4	15.7	13.3	5.7	4
32	2005	5	4.5	14.8	19.1	23	29.6	31.1	27.9	24.4	17.4	10.6	6.9	4
33	2006	1.3	10.7	13.6	19.5	27.7	29.3	30.3	29	22.5	20.3	11.7	1.9	4
34	2007	4.3	8.2	11.3	22.4	25.5	30.4	30.3	27.7	23	14	11.8	4.7	4
35	2008	-5.7	2.7	17.5	21.1	27.2	30.8	30.9	28.9	23.8	17.2	10.5	5.3	4
36	2009	5.3	9.4	15	15.9	24.7	27.8	30.1	28.5	23.9	16.2	10.9	7.1	4
37	2010	7.3	7	14.4	20.5	25.4	29.2	30.4	28.6	22.6	19.5	10.2	5.3	4
38	2011	4.4	6.1	12.5	21	27.2	30.6	30.4	30	24	17.9	8.3	2.5	4
39	2012	3.1	2.6	10.2	21.2	24.5	29.1	30.5	29.2	22.9	17.3	10.7	3.9	4
40	2013	4.7	9.3	13.9	18.5	25.2	30.3	31.2	28.9	25.3	17.1	11	4.8	4
41	2014	5.8	0.1	11.9	19.1	26.4	30.1	30.2	28.1	24.5	16.6	8.8	5.3	4
42	2015	6	8.8	10.9	19.4	25.9	30.1	31.8	28.3	22.7	17.8	9.6	5.6	4
43	2016	7	8.7	15.3	19.3	27.3	30.5	31.3	28.6	25.7	16	8.2	6.4	4
44	2017	5	5.1	12.4	18.2	27.8	30.3	31.6	28	23.8	17.3	11.9	5.6	4
24	2018	4.5	7.5	17.2	18.9	24.2	29.6	32.9	28.6	23.3	15.8	9.6	6.9	4
25	2019	7.1	7.2	14.6	20	25.2	28.2	32.5	29.2	24.4	18	8.3	7.9	4
26	2020	4.3	9.2	13.8	18.5	25	29.6	31.1	28.9	22.2	14.7	7.8	2.3	4
21	2021	3	10.8	13.5	20.6	27.2	31	33.2	29.3	25.3	15	8.5	7.7	4
22	2022	7.5	9.5	13.9	23.6	25.8	30.6	32.9	28.3	25.2	18	12.2	4.5	4
23	2023	0.3	10.1	18.6	21.4	26.1	32.1	33	30	24.2	19.3	14.6	8.2	4
\.


--
-- TOC entry 3653 (class 0 OID 60322)
-- Dependencies: 256
-- Data for Name: hydromelioratical_well; Type: TABLE DATA; Schema: public; Owner: hydro
--

COPY public.hydromelioratical_well (id, well_number, address, created_at, updated_at, district_id, expedicion_id, location_id, organization_id, region_id, type_id) FROM stdin;
4	716	Aspernatur et id quo ut libero itaque doloribus molestiae	1989-05-27 07:00:00+07	2024-07-10 19:42:04.035386+05	180	12	14	1	12	2
\.


--
-- TOC entry 3647 (class 0 OID 60310)
-- Dependencies: 250
-- Data for Name: hydromelioratical_welltype; Type: TABLE DATA; Schema: public; Owner: hydro
--

COPY public.hydromelioratical_welltype (id, name, created_at, updated_at) FROM stdin;
1	Yer osti suvlari sathi	2024-07-10 18:18:07.076453+05	2024-07-10 18:18:07.076453+05
2	Yer osti suvlari minerallashuvi	2024-07-10 18:18:16.705396+05	2024-07-10 18:18:16.705396+05
\.


--
-- TOC entry 3655 (class 0 OID 60326)
-- Dependencies: 258
-- Data for Name: hydrometeorological_hydropost; Type: TABLE DATA; Schema: public; Owner: hydro
--

COPY public.hydrometeorological_hydropost (id, name) FROM stdin;
1	Sho'rchi
2	Zarcho'b
3	Qoratog'
4	Sangardak
5	Sangardak-uste
6	Darband
7	Termiz
8	Akveduk
9	Nijniy bef
10	Tuyamo'yin
11	Toshsoqa
12	Qipchoq
13	Qiziljar
14	Sarancha
15	Samanbay
16	Qurlitov
17	Kenguzar
18	Xalqajar
\.


--
-- TOC entry 3657 (class 0 OID 60330)
-- Dependencies: 260
-- Data for Name: hydrometeorological_hydropostvalue; Type: TABLE DATA; Schema: public; Owner: hydro
--

COPY public.hydrometeorological_hydropostvalue (id, year, "I", "II", "III", "IV", "V", "VI", "VII", "VIII", "IX", "X", "XI", "XII", created_at, updated_at, hydropost_id, region_id, mode_id) FROM stdin;
1	2000	5.2	6	11.8	22.4	27.1	28.8	30.7	29	23.9	16.3	8.6	7.1	2024-07-12 18:20:25.821723+05	2024-07-12 18:20:25.821723+05	18	13	4
2	2001	2.4	7.3	13.4	22.3	28	30.4	30.5	28.1	22.5	17.2	12	7.3	2024-07-12 18:20:25.848466+05	2024-07-12 18:20:25.848466+05	18	13	4
3	2002	6.2	8	14.2	19	24.4	29.4	29.9	29.2	23.1	19.2	11.7	1.7	2024-07-12 18:20:25.859276+05	2024-07-12 18:20:25.859276+05	18	13	4
4	2003	6.1	7.6	11.3	17.4	21.8	28	31.1	28.7	23.5	18.5	10.2	5.1	2024-07-12 18:20:25.873364+05	2024-07-12 18:20:25.873364+05	18	13	4
5	2004	7.3	10.5	13.6	18.4	25.8	29.6	30	28.4	23.4	15.7	13.3	5.7	2024-07-12 18:20:25.881617+05	2024-07-12 18:20:25.881617+05	18	13	4
6	2005	5	4.5	14.8	19.1	23	29.6	31.1	27.9	24.4	17.4	10.6	6.9	2024-07-12 18:20:25.894379+05	2024-07-12 18:20:25.894379+05	18	13	4
7	2006	1.3	10.7	13.6	19.5	27.7	29.3	30.3	29	22.5	20.3	11.7	1.9	2024-07-12 18:20:25.907493+05	2024-07-12 18:20:25.907493+05	18	13	4
8	2007	4.3	8.2	11.3	22.4	25.5	30.4	30.3	27.7	23	14	11.8	4.7	2024-07-12 18:20:25.920152+05	2024-07-12 18:20:25.920152+05	18	13	4
9	2008	-5.7	2.7	17.5	21.1	27.2	30.8	30.9	28.9	23.8	17.2	10.5	5.3	2024-07-12 18:20:25.935687+05	2024-07-12 18:20:25.935687+05	18	13	4
10	2009	5.3	9.4	15	15.9	24.7	27.8	30.1	28.5	23.9	16.2	10.9	7.1	2024-07-12 18:20:25.949928+05	2024-07-12 18:20:25.949928+05	18	13	4
11	2010	7.3	7	14.4	20.5	25.4	29.2	30.4	28.6	22.6	19.5	10.2	5.3	2024-07-12 18:20:25.963416+05	2024-07-12 18:20:25.963416+05	18	13	4
12	2011	4.4	6.1	12.5	21	27.2	30.6	30.4	30	24	17.9	8.3	2.5	2024-07-12 18:20:25.975235+05	2024-07-12 18:20:25.975235+05	18	13	4
13	2012	3.1	2.6	10.2	21.2	24.5	29.1	30.5	29.2	22.9	17.3	10.7	3.9	2024-07-12 18:20:25.989022+05	2024-07-12 18:20:25.989022+05	18	13	4
14	2013	4.7	9.3	13.9	18.5	25.2	30.3	31.2	28.9	25.3	17.1	11	4.8	2024-07-12 18:20:25.999258+05	2024-07-12 18:20:25.999258+05	18	13	4
15	2014	5.8	0.1	11.9	19.1	26.4	30.1	30.2	28.1	24.5	16.6	8.8	5.3	2024-07-12 18:20:26.010028+05	2024-07-12 18:20:26.010028+05	18	13	4
16	2015	6	8.8	10.9	19.4	25.9	30.1	31.8	28.3	22.7	17.8	9.6	5.6	2024-07-12 18:20:26.020163+05	2024-07-12 18:20:26.020163+05	18	13	4
17	2016	7	8.7	15.3	19.3	27.3	30.5	31.3	28.6	25.7	16	8.2	6.4	2024-07-12 18:20:26.030741+05	2024-07-12 18:20:26.030741+05	18	13	4
18	2017	5	5.1	12.4	18.2	27.8	30.3	31.6	28	23.8	17.3	11.9	5.6	2024-07-12 18:20:26.040235+05	2024-07-12 18:20:26.040235+05	18	13	4
19	2018	4.5	7.5	17.2	18.9	24.2	29.6	32.9	28.6	23.3	15.8	9.6	6.9	2024-07-12 18:20:26.050321+05	2024-07-12 18:20:26.050321+05	18	13	4
20	2019	7.1	7.2	14.6	20	25.2	28.2	32.5	29.2	24.4	18	8.3	7.9	2024-07-12 18:20:26.05847+05	2024-07-12 18:20:26.05847+05	18	13	4
21	2020	4.3	9.2	13.8	18.5	25	29.6	31.1	28.9	22.2	14.7	7.8	2.3	2024-07-12 18:20:26.068519+05	2024-07-12 18:20:26.068519+05	18	13	4
22	2021	3	10.8	13.5	20.6	27.2	31	33.2	29.3	25.3	15	8.5	7.7	2024-07-12 18:20:26.078167+05	2024-07-12 18:20:26.078167+05	18	13	4
23	2022	7.5	9.5	13.9	23.6	25.8	30.6	32.9	28.3	25.2	18	12.2	4.5	2024-07-12 18:20:26.085445+05	2024-07-12 18:20:26.085445+05	18	13	4
24	2023	0.3	10.1	18.6	21.4	26.1	32.1	33	30	24.2	19.3	14.6	8.2	2024-07-12 18:20:26.097368+05	2024-07-12 18:20:26.097368+05	18	13	4
\.


--
-- TOC entry 3659 (class 0 OID 60334)
-- Dependencies: 262
-- Data for Name: hydrometeorological_meteostation; Type: TABLE DATA; Schema: public; Owner: hydro
--

COPY public.hydrometeorological_meteostation (id, name) FROM stdin;
1	Meteo station
2	Andijon
3	Qo'rg'ontepa
4	Bo'z
5	Buxoro
6	Jonkeldi
7	Qorako'l
8	Oyoqog'itma
9	Qo'qon
10	Quva
11	Farg'ona
12	Sarikanda
13	Shohimardon
14	Baxmal
15	G'allaorol
16	Jizzax
17	Do'stlik
18	Arnasoy
19	Lalmikor
20	Yangiqishloq
21	Namangan
22	Pop
23	Oqbaytal
24	Bo'zaubay
25	Moshiquduq
26	Navoiy
27	Uchquduq
28	Nurota
29	Tomdi
30	Sentob-Nurota
31	Oqrabot
32	G'uzor
33	Dehqonobod
34	Qarshi
35	Mingchuqur
36	Muborak
37	Ko'l
38	Chimqo'rg'on
39	Shaxrisabz
40	Jasliq
41	Qoraqalpog'iston
42	Qo'ng'irot
43	Mo'ynoq
44	Taxiatosh
45	Chimboy
46	Nukus
47	Aktumsuk
48	Bo'ston
49	Taxtako'pir
50	Dahbet
51	Samarqand
52	Sirdaryo
53	Yangiyer
54	Boysun
55	Denov
56	Termiz
57	Sherobod
58	SHo'rchi
59	Sariosiyo
60	Toshkent
61	Olmaliq
62	Angren
63	Bekobod
64	Dukant
65	Boshqizilsoy
66	Oygaing
67	Piskom
68	Tuyabo'g'iz
69	Chimyon
70	Dalvarzin
71	Ko'korol
72	So'qoq
73	Yangiyo'l
74	Qamchiq
75	Gurlan
76	Xiva
77	Urganch
78	Tuyamo'yin
\.


--
-- TOC entry 3661 (class 0 OID 60338)
-- Dependencies: 264
-- Data for Name: hydrometeorological_meteostationvalue; Type: TABLE DATA; Schema: public; Owner: hydro
--

COPY public.hydrometeorological_meteostationvalue (id, year, "I", "II", "III", "IV", "V", "VI", "VII", "VIII", "IX", "X", "XI", "XII", created_at, updated_at, meteostation_id, region_id, parameter_id) FROM stdin;
1	2000	5.2	6	11.8	22.4	27.1	28.8	30.7	29	23.9	16.3	8.6	7.1	2024-07-13 15:29:16.723976+05	2024-07-13 15:29:16.723976+05	76	13	2
2	2001	2.4	7.3	13.4	22.3	28	30.4	30.5	28.1	22.5	17.2	12	7.3	2024-07-13 15:29:16.749095+05	2024-07-13 15:29:16.749095+05	76	13	2
3	2002	6.2	8	14.2	19	24.4	29.4	29.9	29.2	23.1	19.2	11.7	1.7	2024-07-13 15:29:16.755226+05	2024-07-13 15:29:16.755226+05	76	13	2
4	2003	6.1	7.6	11.3	17.4	21.8	28	31.1	28.7	23.5	18.5	10.2	5.1	2024-07-13 15:29:16.760782+05	2024-07-13 15:29:16.760782+05	76	13	2
5	2004	7.3	10.5	13.6	18.4	25.8	29.6	30	28.4	23.4	15.7	13.3	5.7	2024-07-13 15:29:16.765908+05	2024-07-13 15:29:16.765908+05	76	13	2
6	2005	5	4.5	14.8	19.1	23	29.6	31.1	27.9	24.4	17.4	10.6	6.9	2024-07-13 15:29:16.772517+05	2024-07-13 15:29:16.772517+05	76	13	2
7	2006	1.3	10.7	13.6	19.5	27.7	29.3	30.3	29	22.5	20.3	11.7	1.9	2024-07-13 15:29:16.779204+05	2024-07-13 15:29:16.779204+05	76	13	2
8	2007	4.3	8.2	11.3	22.4	25.5	30.4	30.3	27.7	23	14	11.8	4.7	2024-07-13 15:29:16.784901+05	2024-07-13 15:29:16.784901+05	76	13	2
9	2008	-5.7	2.7	17.5	21.1	27.2	30.8	30.9	28.9	23.8	17.2	10.5	5.3	2024-07-13 15:29:16.791557+05	2024-07-13 15:29:16.791557+05	76	13	2
10	2009	5.3	9.4	15	15.9	24.7	27.8	30.1	28.5	23.9	16.2	10.9	7.1	2024-07-13 15:29:16.798286+05	2024-07-13 15:29:16.798286+05	76	13	2
11	2010	7.3	7	14.4	20.5	25.4	29.2	30.4	28.6	22.6	19.5	10.2	5.3	2024-07-13 15:29:16.804899+05	2024-07-13 15:29:16.804899+05	76	13	2
12	2011	4.4	6.1	12.5	21	27.2	30.6	30.4	30	24	17.9	8.3	2.5	2024-07-13 15:29:16.810331+05	2024-07-13 15:29:16.810331+05	76	13	2
13	2012	3.1	2.6	10.2	21.2	24.5	29.1	30.5	29.2	22.9	17.3	10.7	3.9	2024-07-13 15:29:16.817951+05	2024-07-13 15:29:16.817951+05	76	13	2
14	2013	4.7	9.3	13.9	18.5	25.2	30.3	31.2	28.9	25.3	17.1	11	4.8	2024-07-13 15:29:16.823758+05	2024-07-13 15:29:16.823758+05	76	13	2
15	2014	5.8	0.1	11.9	19.1	26.4	30.1	30.2	28.1	24.5	16.6	8.8	5.3	2024-07-13 15:29:16.829158+05	2024-07-13 15:29:16.829158+05	76	13	2
16	2015	6	8.8	10.9	19.4	25.9	30.1	31.8	28.3	22.7	17.8	9.6	5.6	2024-07-13 15:29:16.835143+05	2024-07-13 15:29:16.835143+05	76	13	2
17	2016	7	8.7	15.3	19.3	27.3	30.5	31.3	28.6	25.7	16	8.2	6.4	2024-07-13 15:29:16.841868+05	2024-07-13 15:29:16.841868+05	76	13	2
18	2017	5	5.1	12.4	18.2	27.8	30.3	31.6	28	23.8	17.3	11.9	5.6	2024-07-13 15:29:16.847232+05	2024-07-13 15:29:16.847232+05	76	13	2
19	2018	4.5	7.5	17.2	18.9	24.2	29.6	32.9	28.6	23.3	15.8	9.6	6.9	2024-07-13 15:29:16.853304+05	2024-07-13 15:29:16.853304+05	76	13	2
20	2019	7.1	7.2	14.6	20	25.2	28.2	32.5	29.2	24.4	18	8.3	7.9	2024-07-13 15:29:16.858833+05	2024-07-13 15:29:16.858833+05	76	13	2
21	2020	4.3	9.2	13.8	18.5	25	29.6	31.1	28.9	22.2	14.7	7.8	2.3	2024-07-13 15:29:16.864769+05	2024-07-13 15:29:16.864769+05	76	13	2
22	2021	3	10.8	13.5	20.6	27.2	31	33.2	29.3	25.3	15	8.5	7.7	2024-07-13 15:29:16.871977+05	2024-07-13 15:29:16.871977+05	76	13	2
23	2022	7.5	9.5	13.9	23.6	25.8	30.6	32.9	28.3	25.2	18	12.2	4.5	2024-07-13 15:29:16.877388+05	2024-07-13 15:29:16.877388+05	76	13	2
24	2023	0.3	10.1	18.6	21.4	26.1	32.1	33	30	24.2	19.3	14.6	8.2	2024-07-13 15:29:16.88296+05	2024-07-13 15:29:16.88296+05	76	13	2
\.


--
-- TOC entry 3663 (class 0 OID 60342)
-- Dependencies: 266
-- Data for Name: hydrometeorological_mode; Type: TABLE DATA; Schema: public; Owner: hydro
--

COPY public.hydrometeorological_mode (id, name) FROM stdin;
1	Suv sathi
2	Suv sarfi
3	Loyqaligi
4	Mineral tarkibi
\.


--
-- TOC entry 3665 (class 0 OID 60346)
-- Dependencies: 268
-- Data for Name: hydrometeorological_objecttype; Type: TABLE DATA; Schema: public; Owner: hydro
--

COPY public.hydrometeorological_objecttype (id, name) FROM stdin;
1	Daryo
2	Ko'l
3	Suv ombori
4	Kanal
5	Kollektor
6	Soy
\.


--
-- TOC entry 3666 (class 0 OID 60349)
-- Dependencies: 269
-- Data for Name: hydrometeorological_parameter; Type: TABLE DATA; Schema: public; Owner: hydro
--

COPY public.hydrometeorological_parameter (id, name) FROM stdin;
1	Havo harorati
2	Havo namligi
3	Yog'ingarchilik
4	Shamol tezligi
5	Bosim
\.


--
-- TOC entry 3675 (class 0 OID 0)
-- Dependencies: 210
-- Name: auth_group_id_seq; Type: SEQUENCE SET; Schema: public; Owner: hydro
--

SELECT pg_catalog.setval('public.auth_group_id_seq', 1, false);


--
-- TOC entry 3676 (class 0 OID 0)
-- Dependencies: 212
-- Name: auth_group_permissions_id_seq; Type: SEQUENCE SET; Schema: public; Owner: hydro
--

SELECT pg_catalog.setval('public.auth_group_permissions_id_seq', 1, false);


--
-- TOC entry 3677 (class 0 OID 0)
-- Dependencies: 214
-- Name: auth_permission_id_seq; Type: SEQUENCE SET; Schema: public; Owner: hydro
--

SELECT pg_catalog.setval('public.auth_permission_id_seq', 132, true);


--
-- TOC entry 3678 (class 0 OID 0)
-- Dependencies: 217
-- Name: auth_user_groups_id_seq; Type: SEQUENCE SET; Schema: public; Owner: hydro
--

SELECT pg_catalog.setval('public.auth_user_groups_id_seq', 1, false);


--
-- TOC entry 3679 (class 0 OID 0)
-- Dependencies: 218
-- Name: auth_user_id_seq; Type: SEQUENCE SET; Schema: public; Owner: hydro
--

SELECT pg_catalog.setval('public.auth_user_id_seq', 1, true);


--
-- TOC entry 3680 (class 0 OID 0)
-- Dependencies: 220
-- Name: auth_user_user_permissions_id_seq; Type: SEQUENCE SET; Schema: public; Owner: hydro
--

SELECT pg_catalog.setval('public.auth_user_user_permissions_id_seq', 1, false);


--
-- TOC entry 3681 (class 0 OID 0)
-- Dependencies: 222
-- Name: common_district_id_seq; Type: SEQUENCE SET; Schema: public; Owner: hydro
--

SELECT pg_catalog.setval('public.common_district_id_seq', 1, false);


--
-- TOC entry 3682 (class 0 OID 0)
-- Dependencies: 224
-- Name: common_location_id_seq; Type: SEQUENCE SET; Schema: public; Owner: hydro
--

SELECT pg_catalog.setval('public.common_location_id_seq', 16, true);


--
-- TOC entry 3683 (class 0 OID 0)
-- Dependencies: 226
-- Name: common_region_id_seq; Type: SEQUENCE SET; Schema: public; Owner: hydro
--

SELECT pg_catalog.setval('public.common_region_id_seq', 1, false);


--
-- TOC entry 3684 (class 0 OID 0)
-- Dependencies: 228
-- Name: django_admin_log_id_seq; Type: SEQUENCE SET; Schema: public; Owner: hydro
--

SELECT pg_catalog.setval('public.django_admin_log_id_seq', 51, true);


--
-- TOC entry 3685 (class 0 OID 0)
-- Dependencies: 230
-- Name: django_content_type_id_seq; Type: SEQUENCE SET; Schema: public; Owner: hydro
--

SELECT pg_catalog.setval('public.django_content_type_id_seq', 30, true);


--
-- TOC entry 3686 (class 0 OID 0)
-- Dependencies: 232
-- Name: django_migrations_id_seq; Type: SEQUENCE SET; Schema: public; Owner: hydro
--

SELECT pg_catalog.setval('public.django_migrations_id_seq', 30, true);


--
-- TOC entry 3687 (class 0 OID 0)
-- Dependencies: 235
-- Name: hydrogeological_coordinate_id_seq; Type: SEQUENCE SET; Schema: public; Owner: hydro
--

SELECT pg_catalog.setval('public.hydrogeological_coordinate_id_seq', 2, true);


--
-- TOC entry 3688 (class 0 OID 0)
-- Dependencies: 237
-- Name: hydrogeological_organization_id_seq; Type: SEQUENCE SET; Schema: public; Owner: hydro
--

SELECT pg_catalog.setval('public.hydrogeological_organization_id_seq', 1, true);


--
-- TOC entry 3689 (class 0 OID 0)
-- Dependencies: 239
-- Name: hydrogeological_station_id_seq; Type: SEQUENCE SET; Schema: public; Owner: hydro
--

SELECT pg_catalog.setval('public.hydrogeological_station_id_seq', 12, true);


--
-- TOC entry 3690 (class 0 OID 0)
-- Dependencies: 241
-- Name: hydrogeological_waterlevel_id_seq; Type: SEQUENCE SET; Schema: public; Owner: hydro
--

SELECT pg_catalog.setval('public.hydrogeological_waterlevel_id_seq', 2388, true);


--
-- TOC entry 3691 (class 0 OID 0)
-- Dependencies: 243
-- Name: hydrogeological_well_id_seq; Type: SEQUENCE SET; Schema: public; Owner: hydro
--

SELECT pg_catalog.setval('public.hydrogeological_well_id_seq', 4, true);


--
-- TOC entry 3692 (class 0 OID 0)
-- Dependencies: 245
-- Name: hydrogeological_welltype_id_seq; Type: SEQUENCE SET; Schema: public; Owner: hydro
--

SELECT pg_catalog.setval('public.hydrogeological_welltype_id_seq', 8, true);


--
-- TOC entry 3693 (class 0 OID 0)
-- Dependencies: 247
-- Name: hydromelioratical_coordinate_id_seq; Type: SEQUENCE SET; Schema: public; Owner: hydro
--

SELECT pg_catalog.setval('public.hydromelioratical_coordinate_id_seq', 3, true);


--
-- TOC entry 3694 (class 0 OID 0)
-- Dependencies: 249
-- Name: hydromelioratical_expedicion_id_seq; Type: SEQUENCE SET; Schema: public; Owner: hydro
--

SELECT pg_catalog.setval('public.hydromelioratical_expedicion_id_seq', 13, true);


--
-- TOC entry 3695 (class 0 OID 0)
-- Dependencies: 251
-- Name: hydromelioratical_objecttype_id_seq; Type: SEQUENCE SET; Schema: public; Owner: hydro
--

SELECT pg_catalog.setval('public.hydromelioratical_objecttype_id_seq', 2, true);


--
-- TOC entry 3696 (class 0 OID 0)
-- Dependencies: 253
-- Name: hydromelioratical_organization_id_seq; Type: SEQUENCE SET; Schema: public; Owner: hydro
--

SELECT pg_catalog.setval('public.hydromelioratical_organization_id_seq', 1, true);


--
-- TOC entry 3697 (class 0 OID 0)
-- Dependencies: 255
-- Name: hydromelioratical_waterlevel_id_seq; Type: SEQUENCE SET; Schema: public; Owner: hydro
--

SELECT pg_catalog.setval('public.hydromelioratical_waterlevel_id_seq', 44, true);


--
-- TOC entry 3698 (class 0 OID 0)
-- Dependencies: 257
-- Name: hydromelioratical_well_id_seq; Type: SEQUENCE SET; Schema: public; Owner: hydro
--

SELECT pg_catalog.setval('public.hydromelioratical_well_id_seq', 4, true);


--
-- TOC entry 3699 (class 0 OID 0)
-- Dependencies: 259
-- Name: hydrometeorological_hydropost_id_seq; Type: SEQUENCE SET; Schema: public; Owner: hydro
--

SELECT pg_catalog.setval('public.hydrometeorological_hydropost_id_seq', 18, true);


--
-- TOC entry 3700 (class 0 OID 0)
-- Dependencies: 261
-- Name: hydrometeorological_hydropostvalue_id_seq; Type: SEQUENCE SET; Schema: public; Owner: hydro
--

SELECT pg_catalog.setval('public.hydrometeorological_hydropostvalue_id_seq', 24, true);


--
-- TOC entry 3701 (class 0 OID 0)
-- Dependencies: 263
-- Name: hydrometeorological_meteostation_id_seq; Type: SEQUENCE SET; Schema: public; Owner: hydro
--

SELECT pg_catalog.setval('public.hydrometeorological_meteostation_id_seq', 78, true);


--
-- TOC entry 3702 (class 0 OID 0)
-- Dependencies: 265
-- Name: hydrometeorological_meteostationvalue_id_seq; Type: SEQUENCE SET; Schema: public; Owner: hydro
--

SELECT pg_catalog.setval('public.hydrometeorological_meteostationvalue_id_seq', 24, true);


--
-- TOC entry 3703 (class 0 OID 0)
-- Dependencies: 267
-- Name: hydrometeorological_mode_id_seq; Type: SEQUENCE SET; Schema: public; Owner: hydro
--

SELECT pg_catalog.setval('public.hydrometeorological_mode_id_seq', 4, true);


--
-- TOC entry 3704 (class 0 OID 0)
-- Dependencies: 270
-- Name: hydrometeorological_parameter_id_seq; Type: SEQUENCE SET; Schema: public; Owner: hydro
--

SELECT pg_catalog.setval('public.hydrometeorological_parameter_id_seq', 5, true);


--
-- TOC entry 3705 (class 0 OID 0)
-- Dependencies: 271
-- Name: hydrometeorological_type_id_seq; Type: SEQUENCE SET; Schema: public; Owner: hydro
--

SELECT pg_catalog.setval('public.hydrometeorological_type_id_seq', 6, true);


--
-- TOC entry 3321 (class 2606 OID 60355)
-- Name: auth_group auth_group_name_key; Type: CONSTRAINT; Schema: public; Owner: hydro
--

ALTER TABLE ONLY public.auth_group
    ADD CONSTRAINT auth_group_name_key UNIQUE (name);


--
-- TOC entry 3326 (class 2606 OID 60357)
-- Name: auth_group_permissions auth_group_permissions_group_id_permission_id_0cd325b0_uniq; Type: CONSTRAINT; Schema: public; Owner: hydro
--

ALTER TABLE ONLY public.auth_group_permissions
    ADD CONSTRAINT auth_group_permissions_group_id_permission_id_0cd325b0_uniq UNIQUE (group_id, permission_id);


--
-- TOC entry 3329 (class 2606 OID 60359)
-- Name: auth_group_permissions auth_group_permissions_pkey; Type: CONSTRAINT; Schema: public; Owner: hydro
--

ALTER TABLE ONLY public.auth_group_permissions
    ADD CONSTRAINT auth_group_permissions_pkey PRIMARY KEY (id);


--
-- TOC entry 3323 (class 2606 OID 60361)
-- Name: auth_group auth_group_pkey; Type: CONSTRAINT; Schema: public; Owner: hydro
--

ALTER TABLE ONLY public.auth_group
    ADD CONSTRAINT auth_group_pkey PRIMARY KEY (id);


--
-- TOC entry 3332 (class 2606 OID 60363)
-- Name: auth_permission auth_permission_content_type_id_codename_01ab375a_uniq; Type: CONSTRAINT; Schema: public; Owner: hydro
--

ALTER TABLE ONLY public.auth_permission
    ADD CONSTRAINT auth_permission_content_type_id_codename_01ab375a_uniq UNIQUE (content_type_id, codename);


--
-- TOC entry 3334 (class 2606 OID 60365)
-- Name: auth_permission auth_permission_pkey; Type: CONSTRAINT; Schema: public; Owner: hydro
--

ALTER TABLE ONLY public.auth_permission
    ADD CONSTRAINT auth_permission_pkey PRIMARY KEY (id);


--
-- TOC entry 3342 (class 2606 OID 60367)
-- Name: auth_user_groups auth_user_groups_pkey; Type: CONSTRAINT; Schema: public; Owner: hydro
--

ALTER TABLE ONLY public.auth_user_groups
    ADD CONSTRAINT auth_user_groups_pkey PRIMARY KEY (id);


--
-- TOC entry 3345 (class 2606 OID 60369)
-- Name: auth_user_groups auth_user_groups_user_id_group_id_94350c0c_uniq; Type: CONSTRAINT; Schema: public; Owner: hydro
--

ALTER TABLE ONLY public.auth_user_groups
    ADD CONSTRAINT auth_user_groups_user_id_group_id_94350c0c_uniq UNIQUE (user_id, group_id);


--
-- TOC entry 3336 (class 2606 OID 60371)
-- Name: auth_user auth_user_pkey; Type: CONSTRAINT; Schema: public; Owner: hydro
--

ALTER TABLE ONLY public.auth_user
    ADD CONSTRAINT auth_user_pkey PRIMARY KEY (id);


--
-- TOC entry 3348 (class 2606 OID 60373)
-- Name: auth_user_user_permissions auth_user_user_permissions_pkey; Type: CONSTRAINT; Schema: public; Owner: hydro
--

ALTER TABLE ONLY public.auth_user_user_permissions
    ADD CONSTRAINT auth_user_user_permissions_pkey PRIMARY KEY (id);


--
-- TOC entry 3351 (class 2606 OID 60375)
-- Name: auth_user_user_permissions auth_user_user_permissions_user_id_permission_id_14a6b632_uniq; Type: CONSTRAINT; Schema: public; Owner: hydro
--

ALTER TABLE ONLY public.auth_user_user_permissions
    ADD CONSTRAINT auth_user_user_permissions_user_id_permission_id_14a6b632_uniq UNIQUE (user_id, permission_id);


--
-- TOC entry 3339 (class 2606 OID 60377)
-- Name: auth_user auth_user_username_key; Type: CONSTRAINT; Schema: public; Owner: hydro
--

ALTER TABLE ONLY public.auth_user
    ADD CONSTRAINT auth_user_username_key UNIQUE (username);


--
-- TOC entry 3353 (class 2606 OID 60379)
-- Name: common_district common_district_pkey; Type: CONSTRAINT; Schema: public; Owner: hydro
--

ALTER TABLE ONLY public.common_district
    ADD CONSTRAINT common_district_pkey PRIMARY KEY (id);


--
-- TOC entry 3356 (class 2606 OID 60381)
-- Name: common_location common_location_pkey; Type: CONSTRAINT; Schema: public; Owner: hydro
--

ALTER TABLE ONLY public.common_location
    ADD CONSTRAINT common_location_pkey PRIMARY KEY (id);


--
-- TOC entry 3358 (class 2606 OID 60383)
-- Name: common_region common_region_pkey; Type: CONSTRAINT; Schema: public; Owner: hydro
--

ALTER TABLE ONLY public.common_region
    ADD CONSTRAINT common_region_pkey PRIMARY KEY (id);


--
-- TOC entry 3361 (class 2606 OID 60385)
-- Name: django_admin_log django_admin_log_pkey; Type: CONSTRAINT; Schema: public; Owner: hydro
--

ALTER TABLE ONLY public.django_admin_log
    ADD CONSTRAINT django_admin_log_pkey PRIMARY KEY (id);


--
-- TOC entry 3364 (class 2606 OID 60387)
-- Name: django_content_type django_content_type_app_label_model_76bd3d3b_uniq; Type: CONSTRAINT; Schema: public; Owner: hydro
--

ALTER TABLE ONLY public.django_content_type
    ADD CONSTRAINT django_content_type_app_label_model_76bd3d3b_uniq UNIQUE (app_label, model);


--
-- TOC entry 3366 (class 2606 OID 60389)
-- Name: django_content_type django_content_type_pkey; Type: CONSTRAINT; Schema: public; Owner: hydro
--

ALTER TABLE ONLY public.django_content_type
    ADD CONSTRAINT django_content_type_pkey PRIMARY KEY (id);


--
-- TOC entry 3368 (class 2606 OID 60391)
-- Name: django_migrations django_migrations_pkey; Type: CONSTRAINT; Schema: public; Owner: hydro
--

ALTER TABLE ONLY public.django_migrations
    ADD CONSTRAINT django_migrations_pkey PRIMARY KEY (id);


--
-- TOC entry 3371 (class 2606 OID 60393)
-- Name: django_session django_session_pkey; Type: CONSTRAINT; Schema: public; Owner: hydro
--

ALTER TABLE ONLY public.django_session
    ADD CONSTRAINT django_session_pkey PRIMARY KEY (session_key);


--
-- TOC entry 3374 (class 2606 OID 60395)
-- Name: hydrogeological_coordinate hydrogeological_coordinate_pkey; Type: CONSTRAINT; Schema: public; Owner: hydro
--

ALTER TABLE ONLY public.hydrogeological_coordinate
    ADD CONSTRAINT hydrogeological_coordinate_pkey PRIMARY KEY (id);


--
-- TOC entry 3377 (class 2606 OID 60397)
-- Name: hydrogeological_organization hydrogeological_organization_pkey; Type: CONSTRAINT; Schema: public; Owner: hydro
--

ALTER TABLE ONLY public.hydrogeological_organization
    ADD CONSTRAINT hydrogeological_organization_pkey PRIMARY KEY (id);


--
-- TOC entry 3379 (class 2606 OID 60399)
-- Name: hydrogeological_station hydrogeological_station_pkey; Type: CONSTRAINT; Schema: public; Owner: hydro
--

ALTER TABLE ONLY public.hydrogeological_station
    ADD CONSTRAINT hydrogeological_station_pkey PRIMARY KEY (id);


--
-- TOC entry 3381 (class 2606 OID 60401)
-- Name: hydrogeological_waterlevel hydrogeological_waterlevel_pkey; Type: CONSTRAINT; Schema: public; Owner: hydro
--

ALTER TABLE ONLY public.hydrogeological_waterlevel
    ADD CONSTRAINT hydrogeological_waterlevel_pkey PRIMARY KEY (id);


--
-- TOC entry 3387 (class 2606 OID 60403)
-- Name: hydrogeological_well hydrogeological_well_pkey; Type: CONSTRAINT; Schema: public; Owner: hydro
--

ALTER TABLE ONLY public.hydrogeological_well
    ADD CONSTRAINT hydrogeological_well_pkey PRIMARY KEY (id);


--
-- TOC entry 3392 (class 2606 OID 60405)
-- Name: hydrogeological_welltype hydrogeological_welltype_pkey; Type: CONSTRAINT; Schema: public; Owner: hydro
--

ALTER TABLE ONLY public.hydrogeological_welltype
    ADD CONSTRAINT hydrogeological_welltype_pkey PRIMARY KEY (id);


--
-- TOC entry 3394 (class 2606 OID 60407)
-- Name: hydromelioratical_coordinate hydromelioratical_coordinate_pkey; Type: CONSTRAINT; Schema: public; Owner: hydro
--

ALTER TABLE ONLY public.hydromelioratical_coordinate
    ADD CONSTRAINT hydromelioratical_coordinate_pkey PRIMARY KEY (id);


--
-- TOC entry 3397 (class 2606 OID 60409)
-- Name: hydromelioratical_expedicion hydromelioratical_expedicion_pkey; Type: CONSTRAINT; Schema: public; Owner: hydro
--

ALTER TABLE ONLY public.hydromelioratical_expedicion
    ADD CONSTRAINT hydromelioratical_expedicion_pkey PRIMARY KEY (id);


--
-- TOC entry 3400 (class 2606 OID 60411)
-- Name: hydromelioratical_welltype hydromelioratical_objecttype_pkey; Type: CONSTRAINT; Schema: public; Owner: hydro
--

ALTER TABLE ONLY public.hydromelioratical_welltype
    ADD CONSTRAINT hydromelioratical_objecttype_pkey PRIMARY KEY (id);


--
-- TOC entry 3402 (class 2606 OID 60413)
-- Name: hydromelioratical_organization hydromelioratical_organization_pkey; Type: CONSTRAINT; Schema: public; Owner: hydro
--

ALTER TABLE ONLY public.hydromelioratical_organization
    ADD CONSTRAINT hydromelioratical_organization_pkey PRIMARY KEY (id);


--
-- TOC entry 3404 (class 2606 OID 60415)
-- Name: hydromelioratical_waterlevel hydromelioratical_waterlevel_pkey; Type: CONSTRAINT; Schema: public; Owner: hydro
--

ALTER TABLE ONLY public.hydromelioratical_waterlevel
    ADD CONSTRAINT hydromelioratical_waterlevel_pkey PRIMARY KEY (id);


--
-- TOC entry 3411 (class 2606 OID 60417)
-- Name: hydromelioratical_well hydromelioratical_well_pkey; Type: CONSTRAINT; Schema: public; Owner: hydro
--

ALTER TABLE ONLY public.hydromelioratical_well
    ADD CONSTRAINT hydromelioratical_well_pkey PRIMARY KEY (id);


--
-- TOC entry 3415 (class 2606 OID 60419)
-- Name: hydrometeorological_hydropost hydrometeorological_hydropost_pkey; Type: CONSTRAINT; Schema: public; Owner: hydro
--

ALTER TABLE ONLY public.hydrometeorological_hydropost
    ADD CONSTRAINT hydrometeorological_hydropost_pkey PRIMARY KEY (id);


--
-- TOC entry 3419 (class 2606 OID 60421)
-- Name: hydrometeorological_hydropostvalue hydrometeorological_hydropostvalue_pkey; Type: CONSTRAINT; Schema: public; Owner: hydro
--

ALTER TABLE ONLY public.hydrometeorological_hydropostvalue
    ADD CONSTRAINT hydrometeorological_hydropostvalue_pkey PRIMARY KEY (id);


--
-- TOC entry 3422 (class 2606 OID 60423)
-- Name: hydrometeorological_meteostation hydrometeorological_meteostation_pkey; Type: CONSTRAINT; Schema: public; Owner: hydro
--

ALTER TABLE ONLY public.hydrometeorological_meteostation
    ADD CONSTRAINT hydrometeorological_meteostation_pkey PRIMARY KEY (id);


--
-- TOC entry 3426 (class 2606 OID 60425)
-- Name: hydrometeorological_meteostationvalue hydrometeorological_meteostationvalue_pkey; Type: CONSTRAINT; Schema: public; Owner: hydro
--

ALTER TABLE ONLY public.hydrometeorological_meteostationvalue
    ADD CONSTRAINT hydrometeorological_meteostationvalue_pkey PRIMARY KEY (id);


--
-- TOC entry 3429 (class 2606 OID 60427)
-- Name: hydrometeorological_mode hydrometeorological_mode_pkey; Type: CONSTRAINT; Schema: public; Owner: hydro
--

ALTER TABLE ONLY public.hydrometeorological_mode
    ADD CONSTRAINT hydrometeorological_mode_pkey PRIMARY KEY (id);


--
-- TOC entry 3433 (class 2606 OID 60429)
-- Name: hydrometeorological_parameter hydrometeorological_parameter_pkey; Type: CONSTRAINT; Schema: public; Owner: hydro
--

ALTER TABLE ONLY public.hydrometeorological_parameter
    ADD CONSTRAINT hydrometeorological_parameter_pkey PRIMARY KEY (id);


--
-- TOC entry 3431 (class 2606 OID 60431)
-- Name: hydrometeorological_objecttype hydrometeorological_type_pkey; Type: CONSTRAINT; Schema: public; Owner: hydro
--

ALTER TABLE ONLY public.hydrometeorological_objecttype
    ADD CONSTRAINT hydrometeorological_type_pkey PRIMARY KEY (id);


--
-- TOC entry 3319 (class 1259 OID 60432)
-- Name: auth_group_name_a6ea08ec_like; Type: INDEX; Schema: public; Owner: hydro
--

CREATE INDEX auth_group_name_a6ea08ec_like ON public.auth_group USING btree (name varchar_pattern_ops);


--
-- TOC entry 3324 (class 1259 OID 60433)
-- Name: auth_group_permissions_group_id_b120cbf9; Type: INDEX; Schema: public; Owner: hydro
--

CREATE INDEX auth_group_permissions_group_id_b120cbf9 ON public.auth_group_permissions USING btree (group_id);


--
-- TOC entry 3327 (class 1259 OID 60434)
-- Name: auth_group_permissions_permission_id_84c5c92e; Type: INDEX; Schema: public; Owner: hydro
--

CREATE INDEX auth_group_permissions_permission_id_84c5c92e ON public.auth_group_permissions USING btree (permission_id);


--
-- TOC entry 3330 (class 1259 OID 60435)
-- Name: auth_permission_content_type_id_2f476e4b; Type: INDEX; Schema: public; Owner: hydro
--

CREATE INDEX auth_permission_content_type_id_2f476e4b ON public.auth_permission USING btree (content_type_id);


--
-- TOC entry 3340 (class 1259 OID 60436)
-- Name: auth_user_groups_group_id_97559544; Type: INDEX; Schema: public; Owner: hydro
--

CREATE INDEX auth_user_groups_group_id_97559544 ON public.auth_user_groups USING btree (group_id);


--
-- TOC entry 3343 (class 1259 OID 60437)
-- Name: auth_user_groups_user_id_6a12ed8b; Type: INDEX; Schema: public; Owner: hydro
--

CREATE INDEX auth_user_groups_user_id_6a12ed8b ON public.auth_user_groups USING btree (user_id);


--
-- TOC entry 3346 (class 1259 OID 60438)
-- Name: auth_user_user_permissions_permission_id_1fbb5f2c; Type: INDEX; Schema: public; Owner: hydro
--

CREATE INDEX auth_user_user_permissions_permission_id_1fbb5f2c ON public.auth_user_user_permissions USING btree (permission_id);


--
-- TOC entry 3349 (class 1259 OID 60439)
-- Name: auth_user_user_permissions_user_id_a95ead1b; Type: INDEX; Schema: public; Owner: hydro
--

CREATE INDEX auth_user_user_permissions_user_id_a95ead1b ON public.auth_user_user_permissions USING btree (user_id);


--
-- TOC entry 3337 (class 1259 OID 60440)
-- Name: auth_user_username_6821ab7c_like; Type: INDEX; Schema: public; Owner: hydro
--

CREATE INDEX auth_user_username_6821ab7c_like ON public.auth_user USING btree (username varchar_pattern_ops);


--
-- TOC entry 3354 (class 1259 OID 60441)
-- Name: common_district_region_id_ed9559e4; Type: INDEX; Schema: public; Owner: hydro
--

CREATE INDEX common_district_region_id_ed9559e4 ON public.common_district USING btree (region_id);


--
-- TOC entry 3359 (class 1259 OID 60442)
-- Name: django_admin_log_content_type_id_c4bce8eb; Type: INDEX; Schema: public; Owner: hydro
--

CREATE INDEX django_admin_log_content_type_id_c4bce8eb ON public.django_admin_log USING btree (content_type_id);


--
-- TOC entry 3362 (class 1259 OID 60443)
-- Name: django_admin_log_user_id_c564eba6; Type: INDEX; Schema: public; Owner: hydro
--

CREATE INDEX django_admin_log_user_id_c564eba6 ON public.django_admin_log USING btree (user_id);


--
-- TOC entry 3369 (class 1259 OID 60444)
-- Name: django_session_expire_date_a5c62663; Type: INDEX; Schema: public; Owner: hydro
--

CREATE INDEX django_session_expire_date_a5c62663 ON public.django_session USING btree (expire_date);


--
-- TOC entry 3372 (class 1259 OID 60445)
-- Name: django_session_session_key_c0390e0f_like; Type: INDEX; Schema: public; Owner: hydro
--

CREATE INDEX django_session_session_key_c0390e0f_like ON public.django_session USING btree (session_key varchar_pattern_ops);


--
-- TOC entry 3375 (class 1259 OID 60446)
-- Name: hydrogeological_coordinate_well_id_4d2e2d64; Type: INDEX; Schema: public; Owner: hydro
--

CREATE INDEX hydrogeological_coordinate_well_id_4d2e2d64 ON public.hydrogeological_coordinate USING btree (well_id);


--
-- TOC entry 3382 (class 1259 OID 60447)
-- Name: hydrogeological_waterlevel_well_id_33cd3460; Type: INDEX; Schema: public; Owner: hydro
--

CREATE INDEX hydrogeological_waterlevel_well_id_33cd3460 ON public.hydrogeological_waterlevel USING btree (well_id);


--
-- TOC entry 3383 (class 1259 OID 60448)
-- Name: hydrogeological_well_district_id_d38b6d84; Type: INDEX; Schema: public; Owner: hydro
--

CREATE INDEX hydrogeological_well_district_id_d38b6d84 ON public.hydrogeological_well USING btree (district_id);


--
-- TOC entry 3384 (class 1259 OID 60449)
-- Name: hydrogeological_well_location_id_282c4a80; Type: INDEX; Schema: public; Owner: hydro
--

CREATE INDEX hydrogeological_well_location_id_282c4a80 ON public.hydrogeological_well USING btree (location_id);


--
-- TOC entry 3385 (class 1259 OID 60450)
-- Name: hydrogeological_well_organization_id_4cf2f1cb; Type: INDEX; Schema: public; Owner: hydro
--

CREATE INDEX hydrogeological_well_organization_id_4cf2f1cb ON public.hydrogeological_well USING btree (organization_id);


--
-- TOC entry 3388 (class 1259 OID 60451)
-- Name: hydrogeological_well_region_id_0b1612fd; Type: INDEX; Schema: public; Owner: hydro
--

CREATE INDEX hydrogeological_well_region_id_0b1612fd ON public.hydrogeological_well USING btree (region_id);


--
-- TOC entry 3389 (class 1259 OID 60452)
-- Name: hydrogeological_well_station_id_b95ddde7; Type: INDEX; Schema: public; Owner: hydro
--

CREATE INDEX hydrogeological_well_station_id_b95ddde7 ON public.hydrogeological_well USING btree (station_id);


--
-- TOC entry 3390 (class 1259 OID 60453)
-- Name: hydrogeological_well_type_id_49611a90; Type: INDEX; Schema: public; Owner: hydro
--

CREATE INDEX hydrogeological_well_type_id_49611a90 ON public.hydrogeological_well USING btree (type_id);


--
-- TOC entry 3395 (class 1259 OID 60454)
-- Name: hydromelioratical_coordinate_well_id_8178bcce; Type: INDEX; Schema: public; Owner: hydro
--

CREATE INDEX hydromelioratical_coordinate_well_id_8178bcce ON public.hydromelioratical_coordinate USING btree (well_id);


--
-- TOC entry 3398 (class 1259 OID 60455)
-- Name: hydromelioratical_expedicion_region_id_fa2d81c7; Type: INDEX; Schema: public; Owner: hydro
--

CREATE INDEX hydromelioratical_expedicion_region_id_fa2d81c7 ON public.hydromelioratical_expedicion USING btree (region_id);


--
-- TOC entry 3405 (class 1259 OID 60456)
-- Name: hydromelioratical_waterlevel_well_id_9fc5b4d6; Type: INDEX; Schema: public; Owner: hydro
--

CREATE INDEX hydromelioratical_waterlevel_well_id_9fc5b4d6 ON public.hydromelioratical_waterlevel USING btree (well_id);


--
-- TOC entry 3406 (class 1259 OID 60457)
-- Name: hydromelioratical_well_district_id_f23e4f6b; Type: INDEX; Schema: public; Owner: hydro
--

CREATE INDEX hydromelioratical_well_district_id_f23e4f6b ON public.hydromelioratical_well USING btree (district_id);


--
-- TOC entry 3407 (class 1259 OID 60458)
-- Name: hydromelioratical_well_expedicion_id_d0932b57; Type: INDEX; Schema: public; Owner: hydro
--

CREATE INDEX hydromelioratical_well_expedicion_id_d0932b57 ON public.hydromelioratical_well USING btree (expedicion_id);


--
-- TOC entry 3408 (class 1259 OID 60459)
-- Name: hydromelioratical_well_location_id_3374a502; Type: INDEX; Schema: public; Owner: hydro
--

CREATE INDEX hydromelioratical_well_location_id_3374a502 ON public.hydromelioratical_well USING btree (location_id);


--
-- TOC entry 3409 (class 1259 OID 60460)
-- Name: hydromelioratical_well_organization_id_f85001f9; Type: INDEX; Schema: public; Owner: hydro
--

CREATE INDEX hydromelioratical_well_organization_id_f85001f9 ON public.hydromelioratical_well USING btree (organization_id);


--
-- TOC entry 3412 (class 1259 OID 60461)
-- Name: hydromelioratical_well_region_id_ba54d309; Type: INDEX; Schema: public; Owner: hydro
--

CREATE INDEX hydromelioratical_well_region_id_ba54d309 ON public.hydromelioratical_well USING btree (region_id);


--
-- TOC entry 3413 (class 1259 OID 60462)
-- Name: hydromelioratical_well_type_id_005b623a; Type: INDEX; Schema: public; Owner: hydro
--

CREATE INDEX hydromelioratical_well_type_id_005b623a ON public.hydromelioratical_well USING btree (type_id);


--
-- TOC entry 3416 (class 1259 OID 60463)
-- Name: hydrometeorological_hydropostvalue_hydropost_id_229974b4; Type: INDEX; Schema: public; Owner: hydro
--

CREATE INDEX hydrometeorological_hydropostvalue_hydropost_id_229974b4 ON public.hydrometeorological_hydropostvalue USING btree (hydropost_id);


--
-- TOC entry 3417 (class 1259 OID 60464)
-- Name: hydrometeorological_hydropostvalue_mode_id_a8fd1289; Type: INDEX; Schema: public; Owner: hydro
--

CREATE INDEX hydrometeorological_hydropostvalue_mode_id_a8fd1289 ON public.hydrometeorological_hydropostvalue USING btree (mode_id);


--
-- TOC entry 3420 (class 1259 OID 60465)
-- Name: hydrometeorological_hydropostvalue_region_id_c1211e7b; Type: INDEX; Schema: public; Owner: hydro
--

CREATE INDEX hydrometeorological_hydropostvalue_region_id_c1211e7b ON public.hydrometeorological_hydropostvalue USING btree (region_id);


--
-- TOC entry 3423 (class 1259 OID 60466)
-- Name: hydrometeorological_meteostationvalue_meteostation_id_af381d80; Type: INDEX; Schema: public; Owner: hydro
--

CREATE INDEX hydrometeorological_meteostationvalue_meteostation_id_af381d80 ON public.hydrometeorological_meteostationvalue USING btree (meteostation_id);


--
-- TOC entry 3424 (class 1259 OID 60467)
-- Name: hydrometeorological_meteostationvalue_parameter_id_4e2ff6e3; Type: INDEX; Schema: public; Owner: hydro
--

CREATE INDEX hydrometeorological_meteostationvalue_parameter_id_4e2ff6e3 ON public.hydrometeorological_meteostationvalue USING btree (parameter_id);


--
-- TOC entry 3427 (class 1259 OID 60468)
-- Name: hydrometeorological_meteostationvalue_region_id_b189eddc; Type: INDEX; Schema: public; Owner: hydro
--

CREATE INDEX hydrometeorological_meteostationvalue_region_id_b189eddc ON public.hydrometeorological_meteostationvalue USING btree (region_id);


--
-- TOC entry 3434 (class 2606 OID 60469)
-- Name: auth_group_permissions auth_group_permissio_permission_id_84c5c92e_fk_auth_perm; Type: FK CONSTRAINT; Schema: public; Owner: hydro
--

ALTER TABLE ONLY public.auth_group_permissions
    ADD CONSTRAINT auth_group_permissio_permission_id_84c5c92e_fk_auth_perm FOREIGN KEY (permission_id) REFERENCES public.auth_permission(id) DEFERRABLE INITIALLY DEFERRED;


--
-- TOC entry 3435 (class 2606 OID 60474)
-- Name: auth_group_permissions auth_group_permissions_group_id_b120cbf9_fk_auth_group_id; Type: FK CONSTRAINT; Schema: public; Owner: hydro
--

ALTER TABLE ONLY public.auth_group_permissions
    ADD CONSTRAINT auth_group_permissions_group_id_b120cbf9_fk_auth_group_id FOREIGN KEY (group_id) REFERENCES public.auth_group(id) DEFERRABLE INITIALLY DEFERRED;


--
-- TOC entry 3436 (class 2606 OID 60479)
-- Name: auth_permission auth_permission_content_type_id_2f476e4b_fk_django_co; Type: FK CONSTRAINT; Schema: public; Owner: hydro
--

ALTER TABLE ONLY public.auth_permission
    ADD CONSTRAINT auth_permission_content_type_id_2f476e4b_fk_django_co FOREIGN KEY (content_type_id) REFERENCES public.django_content_type(id) DEFERRABLE INITIALLY DEFERRED;


--
-- TOC entry 3437 (class 2606 OID 60484)
-- Name: auth_user_groups auth_user_groups_group_id_97559544_fk_auth_group_id; Type: FK CONSTRAINT; Schema: public; Owner: hydro
--

ALTER TABLE ONLY public.auth_user_groups
    ADD CONSTRAINT auth_user_groups_group_id_97559544_fk_auth_group_id FOREIGN KEY (group_id) REFERENCES public.auth_group(id) DEFERRABLE INITIALLY DEFERRED;


--
-- TOC entry 3438 (class 2606 OID 60489)
-- Name: auth_user_groups auth_user_groups_user_id_6a12ed8b_fk_auth_user_id; Type: FK CONSTRAINT; Schema: public; Owner: hydro
--

ALTER TABLE ONLY public.auth_user_groups
    ADD CONSTRAINT auth_user_groups_user_id_6a12ed8b_fk_auth_user_id FOREIGN KEY (user_id) REFERENCES public.auth_user(id) DEFERRABLE INITIALLY DEFERRED;


--
-- TOC entry 3439 (class 2606 OID 60494)
-- Name: auth_user_user_permissions auth_user_user_permi_permission_id_1fbb5f2c_fk_auth_perm; Type: FK CONSTRAINT; Schema: public; Owner: hydro
--

ALTER TABLE ONLY public.auth_user_user_permissions
    ADD CONSTRAINT auth_user_user_permi_permission_id_1fbb5f2c_fk_auth_perm FOREIGN KEY (permission_id) REFERENCES public.auth_permission(id) DEFERRABLE INITIALLY DEFERRED;


--
-- TOC entry 3440 (class 2606 OID 60499)
-- Name: auth_user_user_permissions auth_user_user_permissions_user_id_a95ead1b_fk_auth_user_id; Type: FK CONSTRAINT; Schema: public; Owner: hydro
--

ALTER TABLE ONLY public.auth_user_user_permissions
    ADD CONSTRAINT auth_user_user_permissions_user_id_a95ead1b_fk_auth_user_id FOREIGN KEY (user_id) REFERENCES public.auth_user(id) DEFERRABLE INITIALLY DEFERRED;


--
-- TOC entry 3441 (class 2606 OID 60504)
-- Name: common_district common_district_region_id_ed9559e4_fk_common_region_id; Type: FK CONSTRAINT; Schema: public; Owner: hydro
--

ALTER TABLE ONLY public.common_district
    ADD CONSTRAINT common_district_region_id_ed9559e4_fk_common_region_id FOREIGN KEY (region_id) REFERENCES public.common_region(id) DEFERRABLE INITIALLY DEFERRED;


--
-- TOC entry 3442 (class 2606 OID 60509)
-- Name: django_admin_log django_admin_log_content_type_id_c4bce8eb_fk_django_co; Type: FK CONSTRAINT; Schema: public; Owner: hydro
--

ALTER TABLE ONLY public.django_admin_log
    ADD CONSTRAINT django_admin_log_content_type_id_c4bce8eb_fk_django_co FOREIGN KEY (content_type_id) REFERENCES public.django_content_type(id) DEFERRABLE INITIALLY DEFERRED;


--
-- TOC entry 3443 (class 2606 OID 60514)
-- Name: django_admin_log django_admin_log_user_id_c564eba6_fk_auth_user_id; Type: FK CONSTRAINT; Schema: public; Owner: hydro
--

ALTER TABLE ONLY public.django_admin_log
    ADD CONSTRAINT django_admin_log_user_id_c564eba6_fk_auth_user_id FOREIGN KEY (user_id) REFERENCES public.auth_user(id) DEFERRABLE INITIALLY DEFERRED;


--
-- TOC entry 3444 (class 2606 OID 60519)
-- Name: hydrogeological_coordinate hydrogeological_coor_well_id_4d2e2d64_fk_hydrogeol; Type: FK CONSTRAINT; Schema: public; Owner: hydro
--

ALTER TABLE ONLY public.hydrogeological_coordinate
    ADD CONSTRAINT hydrogeological_coor_well_id_4d2e2d64_fk_hydrogeol FOREIGN KEY (well_id) REFERENCES public.hydrogeological_well(id) DEFERRABLE INITIALLY DEFERRED;


--
-- TOC entry 3445 (class 2606 OID 60524)
-- Name: hydrogeological_waterlevel hydrogeological_wate_well_id_33cd3460_fk_hydrogeol; Type: FK CONSTRAINT; Schema: public; Owner: hydro
--

ALTER TABLE ONLY public.hydrogeological_waterlevel
    ADD CONSTRAINT hydrogeological_wate_well_id_33cd3460_fk_hydrogeol FOREIGN KEY (well_id) REFERENCES public.hydrogeological_well(id) DEFERRABLE INITIALLY DEFERRED;


--
-- TOC entry 3446 (class 2606 OID 60529)
-- Name: hydrogeological_well hydrogeological_well_district_id_d38b6d84_fk_common_district_id; Type: FK CONSTRAINT; Schema: public; Owner: hydro
--

ALTER TABLE ONLY public.hydrogeological_well
    ADD CONSTRAINT hydrogeological_well_district_id_d38b6d84_fk_common_district_id FOREIGN KEY (district_id) REFERENCES public.common_district(id) DEFERRABLE INITIALLY DEFERRED;


--
-- TOC entry 3447 (class 2606 OID 60534)
-- Name: hydrogeological_well hydrogeological_well_location_id_282c4a80_fk_common_location_id; Type: FK CONSTRAINT; Schema: public; Owner: hydro
--

ALTER TABLE ONLY public.hydrogeological_well
    ADD CONSTRAINT hydrogeological_well_location_id_282c4a80_fk_common_location_id FOREIGN KEY (location_id) REFERENCES public.common_location(id) DEFERRABLE INITIALLY DEFERRED;


--
-- TOC entry 3448 (class 2606 OID 60539)
-- Name: hydrogeological_well hydrogeological_well_organization_id_4cf2f1cb_fk_hydrogeol; Type: FK CONSTRAINT; Schema: public; Owner: hydro
--

ALTER TABLE ONLY public.hydrogeological_well
    ADD CONSTRAINT hydrogeological_well_organization_id_4cf2f1cb_fk_hydrogeol FOREIGN KEY (organization_id) REFERENCES public.hydrogeological_organization(id) DEFERRABLE INITIALLY DEFERRED;


--
-- TOC entry 3449 (class 2606 OID 60544)
-- Name: hydrogeological_well hydrogeological_well_region_id_0b1612fd_fk_common_region_id; Type: FK CONSTRAINT; Schema: public; Owner: hydro
--

ALTER TABLE ONLY public.hydrogeological_well
    ADD CONSTRAINT hydrogeological_well_region_id_0b1612fd_fk_common_region_id FOREIGN KEY (region_id) REFERENCES public.common_region(id) DEFERRABLE INITIALLY DEFERRED;


--
-- TOC entry 3450 (class 2606 OID 60549)
-- Name: hydrogeological_well hydrogeological_well_station_id_b95ddde7_fk_hydrogeol; Type: FK CONSTRAINT; Schema: public; Owner: hydro
--

ALTER TABLE ONLY public.hydrogeological_well
    ADD CONSTRAINT hydrogeological_well_station_id_b95ddde7_fk_hydrogeol FOREIGN KEY (station_id) REFERENCES public.hydrogeological_station(id) DEFERRABLE INITIALLY DEFERRED;


--
-- TOC entry 3451 (class 2606 OID 60554)
-- Name: hydrogeological_well hydrogeological_well_type_id_49611a90_fk_hydrogeol; Type: FK CONSTRAINT; Schema: public; Owner: hydro
--

ALTER TABLE ONLY public.hydrogeological_well
    ADD CONSTRAINT hydrogeological_well_type_id_49611a90_fk_hydrogeol FOREIGN KEY (type_id) REFERENCES public.hydrogeological_welltype(id) DEFERRABLE INITIALLY DEFERRED;


--
-- TOC entry 3452 (class 2606 OID 60559)
-- Name: hydromelioratical_coordinate hydromelioratical_co_well_id_8178bcce_fk_hydromeli; Type: FK CONSTRAINT; Schema: public; Owner: hydro
--

ALTER TABLE ONLY public.hydromelioratical_coordinate
    ADD CONSTRAINT hydromelioratical_co_well_id_8178bcce_fk_hydromeli FOREIGN KEY (well_id) REFERENCES public.hydromelioratical_well(id) DEFERRABLE INITIALLY DEFERRED;


--
-- TOC entry 3453 (class 2606 OID 60564)
-- Name: hydromelioratical_expedicion hydromelioratical_ex_region_id_fa2d81c7_fk_common_re; Type: FK CONSTRAINT; Schema: public; Owner: hydro
--

ALTER TABLE ONLY public.hydromelioratical_expedicion
    ADD CONSTRAINT hydromelioratical_ex_region_id_fa2d81c7_fk_common_re FOREIGN KEY (region_id) REFERENCES public.common_region(id) DEFERRABLE INITIALLY DEFERRED;


--
-- TOC entry 3454 (class 2606 OID 60569)
-- Name: hydromelioratical_waterlevel hydromelioratical_wa_well_id_9fc5b4d6_fk_hydromeli; Type: FK CONSTRAINT; Schema: public; Owner: hydro
--

ALTER TABLE ONLY public.hydromelioratical_waterlevel
    ADD CONSTRAINT hydromelioratical_wa_well_id_9fc5b4d6_fk_hydromeli FOREIGN KEY (well_id) REFERENCES public.hydromelioratical_well(id) DEFERRABLE INITIALLY DEFERRED;


--
-- TOC entry 3455 (class 2606 OID 60574)
-- Name: hydromelioratical_well hydromelioratical_we_district_id_f23e4f6b_fk_common_di; Type: FK CONSTRAINT; Schema: public; Owner: hydro
--

ALTER TABLE ONLY public.hydromelioratical_well
    ADD CONSTRAINT hydromelioratical_we_district_id_f23e4f6b_fk_common_di FOREIGN KEY (district_id) REFERENCES public.common_district(id) DEFERRABLE INITIALLY DEFERRED;


--
-- TOC entry 3456 (class 2606 OID 60579)
-- Name: hydromelioratical_well hydromelioratical_we_expedicion_id_d0932b57_fk_hydromeli; Type: FK CONSTRAINT; Schema: public; Owner: hydro
--

ALTER TABLE ONLY public.hydromelioratical_well
    ADD CONSTRAINT hydromelioratical_we_expedicion_id_d0932b57_fk_hydromeli FOREIGN KEY (expedicion_id) REFERENCES public.hydromelioratical_expedicion(id) DEFERRABLE INITIALLY DEFERRED;


--
-- TOC entry 3457 (class 2606 OID 60584)
-- Name: hydromelioratical_well hydromelioratical_we_location_id_3374a502_fk_common_lo; Type: FK CONSTRAINT; Schema: public; Owner: hydro
--

ALTER TABLE ONLY public.hydromelioratical_well
    ADD CONSTRAINT hydromelioratical_we_location_id_3374a502_fk_common_lo FOREIGN KEY (location_id) REFERENCES public.common_location(id) DEFERRABLE INITIALLY DEFERRED;


--
-- TOC entry 3458 (class 2606 OID 60589)
-- Name: hydromelioratical_well hydromelioratical_we_organization_id_f85001f9_fk_hydromeli; Type: FK CONSTRAINT; Schema: public; Owner: hydro
--

ALTER TABLE ONLY public.hydromelioratical_well
    ADD CONSTRAINT hydromelioratical_we_organization_id_f85001f9_fk_hydromeli FOREIGN KEY (organization_id) REFERENCES public.hydromelioratical_organization(id) DEFERRABLE INITIALLY DEFERRED;


--
-- TOC entry 3459 (class 2606 OID 60594)
-- Name: hydromelioratical_well hydromelioratical_we_type_id_005b623a_fk_hydromeli; Type: FK CONSTRAINT; Schema: public; Owner: hydro
--

ALTER TABLE ONLY public.hydromelioratical_well
    ADD CONSTRAINT hydromelioratical_we_type_id_005b623a_fk_hydromeli FOREIGN KEY (type_id) REFERENCES public.hydromelioratical_welltype(id) DEFERRABLE INITIALLY DEFERRED;


--
-- TOC entry 3460 (class 2606 OID 60599)
-- Name: hydromelioratical_well hydromelioratical_well_region_id_ba54d309_fk_common_region_id; Type: FK CONSTRAINT; Schema: public; Owner: hydro
--

ALTER TABLE ONLY public.hydromelioratical_well
    ADD CONSTRAINT hydromelioratical_well_region_id_ba54d309_fk_common_region_id FOREIGN KEY (region_id) REFERENCES public.common_region(id) DEFERRABLE INITIALLY DEFERRED;


--
-- TOC entry 3461 (class 2606 OID 60604)
-- Name: hydrometeorological_hydropostvalue hydrometeorological__hydropost_id_229974b4_fk_hydromete; Type: FK CONSTRAINT; Schema: public; Owner: hydro
--

ALTER TABLE ONLY public.hydrometeorological_hydropostvalue
    ADD CONSTRAINT hydrometeorological__hydropost_id_229974b4_fk_hydromete FOREIGN KEY (hydropost_id) REFERENCES public.hydrometeorological_hydropost(id) DEFERRABLE INITIALLY DEFERRED;


--
-- TOC entry 3464 (class 2606 OID 60609)
-- Name: hydrometeorological_meteostationvalue hydrometeorological__meteostation_id_af381d80_fk_hydromete; Type: FK CONSTRAINT; Schema: public; Owner: hydro
--

ALTER TABLE ONLY public.hydrometeorological_meteostationvalue
    ADD CONSTRAINT hydrometeorological__meteostation_id_af381d80_fk_hydromete FOREIGN KEY (meteostation_id) REFERENCES public.hydrometeorological_meteostation(id) DEFERRABLE INITIALLY DEFERRED;


--
-- TOC entry 3462 (class 2606 OID 60614)
-- Name: hydrometeorological_hydropostvalue hydrometeorological__mode_id_a8fd1289_fk_hydromete; Type: FK CONSTRAINT; Schema: public; Owner: hydro
--

ALTER TABLE ONLY public.hydrometeorological_hydropostvalue
    ADD CONSTRAINT hydrometeorological__mode_id_a8fd1289_fk_hydromete FOREIGN KEY (mode_id) REFERENCES public.hydrometeorological_mode(id) DEFERRABLE INITIALLY DEFERRED;


--
-- TOC entry 3465 (class 2606 OID 60619)
-- Name: hydrometeorological_meteostationvalue hydrometeorological__parameter_id_4e2ff6e3_fk_hydromete; Type: FK CONSTRAINT; Schema: public; Owner: hydro
--

ALTER TABLE ONLY public.hydrometeorological_meteostationvalue
    ADD CONSTRAINT hydrometeorological__parameter_id_4e2ff6e3_fk_hydromete FOREIGN KEY (parameter_id) REFERENCES public.hydrometeorological_parameter(id) DEFERRABLE INITIALLY DEFERRED;


--
-- TOC entry 3466 (class 2606 OID 60624)
-- Name: hydrometeorological_meteostationvalue hydrometeorological__region_id_b189eddc_fk_common_re; Type: FK CONSTRAINT; Schema: public; Owner: hydro
--

ALTER TABLE ONLY public.hydrometeorological_meteostationvalue
    ADD CONSTRAINT hydrometeorological__region_id_b189eddc_fk_common_re FOREIGN KEY (region_id) REFERENCES public.common_region(id) DEFERRABLE INITIALLY DEFERRED;


--
-- TOC entry 3463 (class 2606 OID 60629)
-- Name: hydrometeorological_hydropostvalue hydrometeorological__region_id_c1211e7b_fk_common_re; Type: FK CONSTRAINT; Schema: public; Owner: hydro
--

ALTER TABLE ONLY public.hydrometeorological_hydropostvalue
    ADD CONSTRAINT hydrometeorological__region_id_c1211e7b_fk_common_re FOREIGN KEY (region_id) REFERENCES public.common_region(id) DEFERRABLE INITIALLY DEFERRED;


--
-- TOC entry 3674 (class 0 OID 0)
-- Dependencies: 5
-- Name: SCHEMA public; Type: ACL; Schema: -; Owner: postgres
--

REVOKE USAGE ON SCHEMA public FROM PUBLIC;
GRANT ALL ON SCHEMA public TO PUBLIC;


-- Completed on 2024-08-07 14:57:11

--
-- PostgreSQL database dump complete
--

